2026-07-16 08:53:14.284 +05:30 [INF] Heartbeat running at "2026-07-16T08:53:14.2844290+05:30"
2026-07-16 08:53:52.081 +05:30 [INF] Heartbeat running at "2026-07-16T08:53:52.0819273+05:30"
2026-07-16 08:54:03.470 +05:30 [INF] Heartbeat running at "2026-07-16T08:54:03.4705546+05:30"
2026-07-16 08:54:18.445 +05:30 [INF] Heartbeat running at "2026-07-16T08:54:18.4451626+05:30"
2026-07-16 08:54:34.644 +05:30 [INF] Heartbeat running at "2026-07-16T08:54:34.6444697+05:30"
2026-07-16 08:54:46.776 +05:30 [INF] Heartbeat running at "2026-07-16T08:54:46.7763122+05:30"
2026-07-16 08:54:57.184 +05:30 [INF] Heartbeat running at "2026-07-16T08:54:57.1845460+05:30"
2026-07-16 08:55:07.472 +05:30 [INF] Heartbeat running at "2026-07-16T08:55:07.4723450+05:30"
2026-07-16 08:55:17.950 +05:30 [INF] Heartbeat running at "2026-07-16T08:55:17.9503879+05:30"
2026-07-16 08:55:31.056 +05:30 [INF] Heartbeat running at "2026-07-16T08:55:31.0563696+05:30"
2026-07-16 08:55:43.337 +05:30 [INF] Heartbeat running at "2026-07-16T08:55:43.3374582+05:30"
2026-07-16 08:55:46.148 +05:30 [INF] HTTP OPTIONS /api/appointment/patient/9 responded 204 in 1.8056 ms
2026-07-16 08:55:46.148 +05:30 [INF] HTTP OPTIONS /api/Doctor responded 204 in 275.2532 ms
2026-07-16 08:55:52.256 +05:30 [INF] HTTP GET /api/appointment/patient/9 responded 401 in 157.9874 ms
2026-07-16 08:55:52.256 +05:30 [INF] HTTP GET /api/Doctor responded 401 in 144.2951 ms
2026-07-16 08:55:57.524 +05:30 [INF] Heartbeat running at "2026-07-16T08:55:57.5244035+05:30"
2026-07-16 08:56:10.225 +05:30 [INF] Heartbeat running at "2026-07-16T08:56:10.2254624+05:30"
2026-07-16 08:56:23.154 +05:30 [INF] Heartbeat running at "2026-07-16T08:56:23.1537809+05:30"
2026-07-16 08:56:33.367 +05:30 [INF] Heartbeat running at "2026-07-16T08:56:33.3679622+05:30"
2026-07-16 08:56:43.403 +05:30 [INF] Heartbeat running at "2026-07-16T08:56:43.4038593+05:30"
2026-07-16 08:56:53.433 +05:30 [INF] Heartbeat running at "2026-07-16T08:56:53.4333400+05:30"
2026-07-16 08:57:03.484 +05:30 [INF] Heartbeat running at "2026-07-16T08:57:03.4846052+05:30"
2026-07-16 08:57:13.510 +05:30 [INF] Heartbeat running at "2026-07-16T08:57:13.5108613+05:30"
2026-07-16 08:57:23.547 +05:30 [INF] Heartbeat running at "2026-07-16T08:57:23.5476441+05:30"
2026-07-16 08:57:33.583 +05:30 [INF] Heartbeat running at "2026-07-16T08:57:33.5838086+05:30"
2026-07-16 08:57:43.638 +05:30 [INF] Heartbeat running at "2026-07-16T08:57:43.6382534+05:30"
2026-07-16 08:57:53.676 +05:30 [INF] Heartbeat running at "2026-07-16T08:57:53.6765665+05:30"
2026-07-16 08:58:03.701 +05:30 [INF] Heartbeat running at "2026-07-16T08:58:03.7016734+05:30"
2026-07-16 08:58:13.715 +05:30 [INF] Heartbeat running at "2026-07-16T08:58:13.7158484+05:30"
2026-07-16 08:58:23.739 +05:30 [INF] Heartbeat running at "2026-07-16T08:58:23.7390492+05:30"
2026-07-16 08:58:33.765 +05:30 [INF] Heartbeat running at "2026-07-16T08:58:33.7655921+05:30"
2026-07-16 08:58:43.780 +05:30 [INF] Heartbeat running at "2026-07-16T08:58:43.7806710+05:30"
2026-07-16 08:58:53.865 +05:30 [INF] Heartbeat running at "2026-07-16T08:58:53.8653857+05:30"
2026-07-16 08:59:03.933 +05:30 [INF] Heartbeat running at "2026-07-16T08:59:03.9335392+05:30"
2026-07-16 08:59:14.105 +05:30 [INF] Heartbeat running at "2026-07-16T08:59:14.1055332+05:30"
2026-07-16 08:59:24.392 +05:30 [INF] Heartbeat running at "2026-07-16T08:59:24.3924030+05:30"
2026-07-16 08:59:34.487 +05:30 [INF] Heartbeat running at "2026-07-16T08:59:34.4877846+05:30"
2026-07-16 08:59:45.130 +05:30 [INF] Heartbeat running at "2026-07-16T08:59:45.1309301+05:30"
2026-07-16 08:59:55.239 +05:30 [INF] Heartbeat running at "2026-07-16T08:59:55.2390015+05:30"
2026-07-16 09:00:05.302 +05:30 [INF] Heartbeat running at "2026-07-16T09:00:05.3021462+05:30"
2026-07-16 09:00:15.344 +05:30 [INF] Heartbeat running at "2026-07-16T09:00:15.3440833+05:30"
2026-07-16 09:00:25.396 +05:30 [INF] Heartbeat running at "2026-07-16T09:00:25.3968005+05:30"
2026-07-16 09:00:35.692 +05:30 [INF] Heartbeat running at "2026-07-16T09:00:35.6926388+05:30"
2026-07-16 09:00:45.712 +05:30 [INF] Heartbeat running at "2026-07-16T09:00:45.7128356+05:30"
2026-07-16 09:00:55.737 +05:30 [INF] Heartbeat running at "2026-07-16T09:00:55.7373104+05:30"
2026-07-16 09:01:05.752 +05:30 [INF] Heartbeat running at "2026-07-16T09:01:05.7528846+05:30"
2026-07-16 09:01:15.778 +05:30 [INF] Heartbeat running at "2026-07-16T09:01:15.7781479+05:30"
2026-07-16 09:01:25.800 +05:30 [INF] Heartbeat running at "2026-07-16T09:01:25.8009558+05:30"
2026-07-16 09:01:35.818 +05:30 [INF] Heartbeat running at "2026-07-16T09:01:35.8186641+05:30"
2026-07-16 09:01:45.835 +05:30 [INF] Heartbeat running at "2026-07-16T09:01:45.8354230+05:30"
2026-07-16 09:01:55.860 +05:30 [INF] Heartbeat running at "2026-07-16T09:01:55.8599641+05:30"
2026-07-16 09:02:05.886 +05:30 [INF] Heartbeat running at "2026-07-16T09:02:05.8865009+05:30"
2026-07-16 09:02:15.907 +05:30 [INF] Heartbeat running at "2026-07-16T09:02:15.9073888+05:30"
2026-07-16 09:02:25.929 +05:30 [INF] Heartbeat running at "2026-07-16T09:02:25.9291683+05:30"
2026-07-16 09:02:35.976 +05:30 [INF] Heartbeat running at "2026-07-16T09:02:35.9766969+05:30"
2026-07-16 09:02:46.999 +05:30 [INF] Heartbeat running at "2026-07-16T09:02:46.9996305+05:30"
2026-07-16 09:02:57.195 +05:30 [INF] Heartbeat running at "2026-07-16T09:02:57.1951728+05:30"
2026-07-16 09:03:07.235 +05:30 [INF] Heartbeat running at "2026-07-16T09:03:07.2354008+05:30"
2026-07-16 09:03:17.261 +05:30 [INF] Heartbeat running at "2026-07-16T09:03:17.2613526+05:30"
2026-07-16 09:03:27.284 +05:30 [INF] Heartbeat running at "2026-07-16T09:03:27.2847632+05:30"
2026-07-16 09:03:37.303 +05:30 [INF] Heartbeat running at "2026-07-16T09:03:37.3036546+05:30"
2026-07-16 09:03:47.331 +05:30 [INF] Heartbeat running at "2026-07-16T09:03:47.3314341+05:30"
2026-07-16 09:03:57.349 +05:30 [INF] Heartbeat running at "2026-07-16T09:03:57.3494301+05:30"
2026-07-16 09:04:07.379 +05:30 [INF] Heartbeat running at "2026-07-16T09:04:07.3794094+05:30"
2026-07-16 09:04:17.408 +05:30 [INF] Heartbeat running at "2026-07-16T09:04:17.4086243+05:30"
2026-07-16 09:04:27.433 +05:30 [INF] Heartbeat running at "2026-07-16T09:04:27.4338332+05:30"
2026-07-16 09:04:37.460 +05:30 [INF] Heartbeat running at "2026-07-16T09:04:37.4601413+05:30"
2026-07-16 09:04:47.489 +05:30 [INF] Heartbeat running at "2026-07-16T09:04:47.4888792+05:30"
2026-07-16 09:04:57.515 +05:30 [INF] Heartbeat running at "2026-07-16T09:04:57.5152824+05:30"
2026-07-16 09:05:07.554 +05:30 [INF] Heartbeat running at "2026-07-16T09:05:07.5545582+05:30"
2026-07-16 09:05:17.588 +05:30 [INF] Heartbeat running at "2026-07-16T09:05:17.5884573+05:30"
2026-07-16 09:05:27.608 +05:30 [INF] Heartbeat running at "2026-07-16T09:05:27.6080256+05:30"
2026-07-16 09:05:37.699 +05:30 [INF] Heartbeat running at "2026-07-16T09:05:37.6989756+05:30"
2026-07-16 09:05:47.738 +05:30 [INF] Heartbeat running at "2026-07-16T09:05:47.7387502+05:30"
2026-07-16 09:05:57.774 +05:30 [INF] Heartbeat running at "2026-07-16T09:05:57.7747884+05:30"
2026-07-16 09:06:07.813 +05:30 [INF] Heartbeat running at "2026-07-16T09:06:07.8135228+05:30"
2026-07-16 09:06:17.840 +05:30 [INF] Heartbeat running at "2026-07-16T09:06:17.8401347+05:30"
2026-07-16 09:06:28.081 +05:30 [INF] Heartbeat running at "2026-07-16T09:06:28.0810976+05:30"
2026-07-16 09:06:38.099 +05:30 [INF] Heartbeat running at "2026-07-16T09:06:38.0993303+05:30"
2026-07-16 09:06:48.141 +05:30 [INF] Heartbeat running at "2026-07-16T09:06:48.1414473+05:30"
2026-07-16 09:06:58.156 +05:30 [INF] Heartbeat running at "2026-07-16T09:06:58.1567847+05:30"
2026-07-16 09:07:08.180 +05:30 [INF] Heartbeat running at "2026-07-16T09:07:08.1809058+05:30"
2026-07-16 09:07:18.198 +05:30 [INF] Heartbeat running at "2026-07-16T09:07:18.1986374+05:30"
2026-07-16 09:07:28.213 +05:30 [INF] Heartbeat running at "2026-07-16T09:07:28.2139341+05:30"
2026-07-16 09:07:38.227 +05:30 [INF] Heartbeat running at "2026-07-16T09:07:38.2271502+05:30"
2026-07-16 09:07:48.233 +05:30 [INF] Heartbeat running at "2026-07-16T09:07:48.2338533+05:30"
2026-07-16 09:07:58.247 +05:30 [INF] Heartbeat running at "2026-07-16T09:07:58.2478050+05:30"
2026-07-16 09:08:08.301 +05:30 [INF] Heartbeat running at "2026-07-16T09:08:08.3009648+05:30"
2026-07-16 09:08:18.323 +05:30 [INF] Heartbeat running at "2026-07-16T09:08:18.3234195+05:30"
2026-07-16 09:08:28.353 +05:30 [INF] Heartbeat running at "2026-07-16T09:08:28.3538277+05:30"
2026-07-16 09:08:38.366 +05:30 [INF] Heartbeat running at "2026-07-16T09:08:38.3661164+05:30"
2026-07-16 09:08:48.391 +05:30 [INF] Heartbeat running at "2026-07-16T09:08:48.3913699+05:30"
2026-07-16 09:08:58.410 +05:30 [INF] Heartbeat running at "2026-07-16T09:08:58.4101544+05:30"
2026-07-16 09:09:08.431 +05:30 [INF] Heartbeat running at "2026-07-16T09:09:08.4314345+05:30"
2026-07-16 09:09:13.522 +05:30 [INF] HTTP OPTIONS /api/auth/login responded 204 in 3.0925 ms
2026-07-16 09:09:14.492 +05:30 [INF] HTTP POST /api/auth/login responded 200 in 863.2133 ms
2026-07-16 09:09:14.513 +05:30 [INF] HTTP POST /api/auth/login responded 200 in 889.7649 ms
2026-07-16 09:09:14.576 +05:30 [INF] HTTP OPTIONS /api/Doctor responded 204 in 0.8204 ms
2026-07-16 09:09:14.576 +05:30 [INF] HTTP OPTIONS /api/appointment/patient/8 responded 204 in 0.9540 ms
2026-07-16 09:09:14.723 +05:30 [INF] HTTP GET /api/appointment/patient/8 responded 200 in 55.7244 ms
2026-07-16 09:09:14.739 +05:30 [INF] Search doctors cache validated. CacheKey: doctors:all
2026-07-16 09:09:14.746 +05:30 [INF] HTTP GET /api/appointment/patient/8 responded 200 in 82.2040 ms
2026-07-16 09:09:14.784 +05:30 [INF] HTTP GET /api/Doctor responded 200 in 122.3001 ms
2026-07-16 09:09:14.805 +05:30 [INF] HTTP GET /api/Doctor responded 200 in 148.4238 ms
2026-07-16 09:09:18.449 +05:30 [INF] Heartbeat running at "2026-07-16T09:09:18.4493104+05:30"
2026-07-16 09:09:28.478 +05:30 [INF] Heartbeat running at "2026-07-16T09:09:28.4780039+05:30"
2026-07-16 09:09:38.502 +05:30 [INF] Heartbeat running at "2026-07-16T09:09:38.5027561+05:30"
2026-07-16 09:09:48.529 +05:30 [INF] Heartbeat running at "2026-07-16T09:09:48.5292224+05:30"
2026-07-16 09:09:58.545 +05:30 [INF] Heartbeat running at "2026-07-16T09:09:58.5450387+05:30"
2026-07-16 09:10:08.569 +05:30 [INF] Heartbeat running at "2026-07-16T09:10:08.5697347+05:30"
2026-07-16 09:10:18.592 +05:30 [INF] Heartbeat running at "2026-07-16T09:10:18.5925455+05:30"
2026-07-16 09:10:28.608 +05:30 [INF] Heartbeat running at "2026-07-16T09:10:28.6082179+05:30"
2026-07-16 09:10:38.623 +05:30 [INF] Heartbeat running at "2026-07-16T09:10:38.6239439+05:30"
2026-07-16 09:10:48.638 +05:30 [INF] Heartbeat running at "2026-07-16T09:10:48.6380363+05:30"
2026-07-16 09:10:58.664 +05:30 [INF] Heartbeat running at "2026-07-16T09:10:58.6645466+05:30"
2026-07-16 09:11:08.677 +05:30 [INF] Heartbeat running at "2026-07-16T09:11:08.6770511+05:30"
2026-07-16 09:11:18.698 +05:30 [INF] Heartbeat running at "2026-07-16T09:11:18.6983850+05:30"
2026-07-16 09:11:28.725 +05:30 [INF] Heartbeat running at "2026-07-16T09:11:28.7255100+05:30"
2026-07-16 09:11:39.505 +05:30 [INF] Heartbeat running at "2026-07-16T09:11:39.5056758+05:30"
2026-07-16 09:11:49.517 +05:30 [INF] Heartbeat running at "2026-07-16T09:11:49.5177051+05:30"
2026-07-16 09:11:59.758 +05:30 [INF] Heartbeat running at "2026-07-16T09:11:59.7587571+05:30"
2026-07-16 09:12:09.785 +05:30 [INF] Heartbeat running at "2026-07-16T09:12:09.7853049+05:30"
2026-07-16 09:12:19.826 +05:30 [INF] Heartbeat running at "2026-07-16T09:12:19.8261128+05:30"
2026-07-16 09:12:29.826 +05:30 [INF] HTTP OPTIONS /api/auth/login responded 204 in 0.4088 ms
2026-07-16 09:12:29.846 +05:30 [INF] Heartbeat running at "2026-07-16T09:12:29.8462680+05:30"
2026-07-16 09:12:30.419 +05:30 [INF] HTTP POST /api/auth/login responded 200 in 539.9805 ms
2026-07-16 09:12:30.445 +05:30 [INF] HTTP POST /api/auth/login responded 200 in 569.4482 ms
2026-07-16 09:12:30.552 +05:30 [INF] HTTP OPTIONS /api/Doctor/10 responded 204 in 0.1687 ms
2026-07-16 09:12:30.553 +05:30 [INF] HTTP OPTIONS /api/appointment/doctor/10 responded 204 in 0.1603 ms
2026-07-16 09:12:30.880 +05:30 [INF] HTTP GET /api/Doctor/10 responded 200 in 284.0193 ms
2026-07-16 09:12:30.892 +05:30 [INF] HTTP GET /api/appointment/doctor/10 responded 200 in 276.5100 ms
2026-07-16 09:12:30.922 +05:30 [INF] HTTP GET /api/Doctor/10 responded 200 in 331.5137 ms
2026-07-16 09:12:30.932 +05:30 [INF] HTTP GET /api/appointment/doctor/10 responded 200 in 321.1249 ms
2026-07-16 09:12:39.874 +05:30 [INF] Heartbeat running at "2026-07-16T09:12:39.8743634+05:30"
2026-07-16 09:12:42.094 +05:30 [INF] HTTP OPTIONS /api/appointment/5/status responded 204 in 0.1935 ms
2026-07-16 09:12:42.533 +05:30 [INF] HTTP PUT /api/appointment/5/status responded 200 in 398.2007 ms
2026-07-16 09:12:42.558 +05:30 [INF] HTTP PUT /api/appointment/5/status responded 200 in 426.4058 ms
2026-07-16 09:12:48.569 +05:30 [INF] HTTP OPTIONS /api/appointment/5/status responded 204 in 0.1720 ms
2026-07-16 09:12:48.623 +05:30 [INF] HTTP PUT /api/appointment/5/status responded 200 in 13.4132 ms
2026-07-16 09:12:48.646 +05:30 [INF] HTTP PUT /api/appointment/5/status responded 200 in 38.1073 ms
2026-07-16 09:12:49.898 +05:30 [INF] Heartbeat running at "2026-07-16T09:12:49.8984924+05:30"
2026-07-16 09:12:59.916 +05:30 [INF] Heartbeat running at "2026-07-16T09:12:59.9167890+05:30"
2026-07-16 09:13:06.532 +05:30 [INF] HTTP OPTIONS /api/appointment/5/status responded 204 in 0.2185 ms
2026-07-16 09:13:06.578 +05:30 [INF] HTTP PUT /api/appointment/5/status responded 200 in 15.6573 ms
2026-07-16 09:13:06.606 +05:30 [INF] HTTP PUT /api/appointment/5/status responded 200 in 44.3405 ms
2026-07-16 09:13:09.935 +05:30 [INF] Heartbeat running at "2026-07-16T09:13:09.9357190+05:30"
2026-07-16 09:13:19.967 +05:30 [INF] Heartbeat running at "2026-07-16T09:13:19.9672057+05:30"
2026-07-16 09:13:30.057 +05:30 [INF] Heartbeat running at "2026-07-16T09:13:30.0571152+05:30"
2026-07-16 09:13:40.095 +05:30 [INF] Heartbeat running at "2026-07-16T09:13:40.0952303+05:30"
2026-07-16 09:13:50.124 +05:30 [INF] Heartbeat running at "2026-07-16T09:13:50.1239807+05:30"
2026-07-16 09:14:00.154 +05:30 [INF] Heartbeat running at "2026-07-16T09:14:00.1544278+05:30"
2026-07-16 09:14:10.182 +05:30 [INF] Heartbeat running at "2026-07-16T09:14:10.1820017+05:30"
2026-07-16 09:14:20.227 +05:30 [INF] Heartbeat running at "2026-07-16T09:14:20.2271256+05:30"
2026-07-16 09:14:30.246 +05:30 [INF] Heartbeat running at "2026-07-16T09:14:30.2462196+05:30"
2026-07-16 09:14:40.280 +05:30 [INF] Heartbeat running at "2026-07-16T09:14:40.2808826+05:30"
2026-07-16 09:14:50.304 +05:30 [INF] Heartbeat running at "2026-07-16T09:14:50.3041488+05:30"
2026-07-16 09:15:00.347 +05:30 [INF] Heartbeat running at "2026-07-16T09:15:00.3472522+05:30"
2026-07-16 09:15:10.379 +05:30 [INF] Heartbeat running at "2026-07-16T09:15:10.3792925+05:30"
2026-07-16 09:15:20.416 +05:30 [INF] Heartbeat running at "2026-07-16T09:15:20.4165915+05:30"
2026-07-16 09:15:30.434 +05:30 [INF] Heartbeat running at "2026-07-16T09:15:30.4344915+05:30"
2026-07-16 09:15:40.467 +05:30 [INF] Heartbeat running at "2026-07-16T09:15:40.4674361+05:30"
2026-07-16 09:15:50.490 +05:30 [INF] Heartbeat running at "2026-07-16T09:15:50.4908314+05:30"
2026-07-16 09:16:00.510 +05:30 [INF] Heartbeat running at "2026-07-16T09:16:00.5101508+05:30"
2026-07-16 09:16:10.551 +05:30 [INF] Heartbeat running at "2026-07-16T09:16:10.5514485+05:30"
2026-07-16 09:16:20.572 +05:30 [INF] Heartbeat running at "2026-07-16T09:16:20.5720173+05:30"
2026-07-16 09:16:30.619 +05:30 [INF] Heartbeat running at "2026-07-16T09:16:30.6189871+05:30"
2026-07-16 09:16:40.646 +05:30 [INF] Heartbeat running at "2026-07-16T09:16:40.6464187+05:30"
2026-07-16 09:16:50.671 +05:30 [INF] Heartbeat running at "2026-07-16T09:16:50.6715412+05:30"
2026-07-16 09:17:00.698 +05:30 [INF] Heartbeat running at "2026-07-16T09:17:00.6987853+05:30"
2026-07-16 09:17:10.724 +05:30 [INF] Heartbeat running at "2026-07-16T09:17:10.7241511+05:30"
2026-07-16 09:17:20.751 +05:30 [INF] Heartbeat running at "2026-07-16T09:17:20.7510661+05:30"
2026-07-16 09:17:30.952 +05:30 [INF] Heartbeat running at "2026-07-16T09:17:30.9529226+05:30"
2026-07-16 09:17:40.978 +05:30 [INF] Heartbeat running at "2026-07-16T09:17:40.9786187+05:30"
2026-07-16 09:17:50.997 +05:30 [INF] Heartbeat running at "2026-07-16T09:17:50.9973937+05:30"
2026-07-16 09:18:01.021 +05:30 [INF] Heartbeat running at "2026-07-16T09:18:01.0217835+05:30"
2026-07-16 09:18:11.051 +05:30 [INF] Heartbeat running at "2026-07-16T09:18:11.0518153+05:30"
2026-07-16 09:18:21.075 +05:30 [INF] Heartbeat running at "2026-07-16T09:18:21.0757107+05:30"
2026-07-16 09:18:31.096 +05:30 [INF] Heartbeat running at "2026-07-16T09:18:31.0962714+05:30"
2026-07-16 09:18:41.119 +05:30 [INF] Heartbeat running at "2026-07-16T09:18:41.1192253+05:30"
2026-07-16 09:18:51.142 +05:30 [INF] Heartbeat running at "2026-07-16T09:18:51.1426653+05:30"
2026-07-16 09:19:01.169 +05:30 [INF] Heartbeat running at "2026-07-16T09:19:01.1693751+05:30"
2026-07-16 09:19:11.188 +05:30 [INF] Heartbeat running at "2026-07-16T09:19:11.1889080+05:30"
2026-07-16 09:19:21.209 +05:30 [INF] Heartbeat running at "2026-07-16T09:19:21.2090033+05:30"
2026-07-16 09:19:31.234 +05:30 [INF] Heartbeat running at "2026-07-16T09:19:31.2339871+05:30"
2026-07-16 09:19:41.259 +05:30 [INF] Heartbeat running at "2026-07-16T09:19:41.2591457+05:30"
2026-07-16 09:19:51.290 +05:30 [INF] Heartbeat running at "2026-07-16T09:19:51.2907686+05:30"
2026-07-16 09:20:01.294 +05:30 [INF] Heartbeat running at "2026-07-16T09:20:01.2943163+05:30"
2026-07-16 09:20:11.318 +05:30 [INF] Heartbeat running at "2026-07-16T09:20:11.3185862+05:30"
2026-07-16 09:20:21.339 +05:30 [INF] Heartbeat running at "2026-07-16T09:20:21.3391676+05:30"
2026-07-16 09:20:31.361 +05:30 [INF] Heartbeat running at "2026-07-16T09:20:31.3614576+05:30"
2026-07-16 09:20:41.402 +05:30 [INF] Heartbeat running at "2026-07-16T09:20:41.4020303+05:30"
2026-07-16 09:20:51.427 +05:30 [INF] Heartbeat running at "2026-07-16T09:20:51.4274524+05:30"
2026-07-16 09:21:01.437 +05:30 [INF] Heartbeat running at "2026-07-16T09:21:01.4377742+05:30"
2026-07-16 09:21:11.466 +05:30 [INF] Heartbeat running at "2026-07-16T09:21:11.4668092+05:30"
2026-07-16 09:21:21.492 +05:30 [INF] Heartbeat running at "2026-07-16T09:21:21.4929109+05:30"
2026-07-16 09:21:31.520 +05:30 [INF] Heartbeat running at "2026-07-16T09:21:31.5202602+05:30"
2026-07-16 09:21:41.536 +05:30 [INF] Heartbeat running at "2026-07-16T09:21:41.5369262+05:30"
2026-07-16 09:21:51.565 +05:30 [INF] Heartbeat running at "2026-07-16T09:21:51.5651658+05:30"
2026-07-16 09:22:01.579 +05:30 [INF] Heartbeat running at "2026-07-16T09:22:01.5795450+05:30"
2026-07-16 09:22:11.611 +05:30 [INF] Heartbeat running at "2026-07-16T09:22:11.6116063+05:30"
2026-07-16 09:22:21.653 +05:30 [INF] Heartbeat running at "2026-07-16T09:22:21.6536253+05:30"
2026-07-16 09:22:31.682 +05:30 [INF] Heartbeat running at "2026-07-16T09:22:31.6819514+05:30"
2026-07-16 09:22:41.697 +05:30 [INF] Heartbeat running at "2026-07-16T09:22:41.6970771+05:30"
2026-07-16 09:23:43.231 +05:30 [INF] Heartbeat running at "2026-07-16T09:23:43.2317897+05:30"
2026-07-16 09:24:03.173 +05:30 [INF] Heartbeat running at "2026-07-16T09:24:03.1735200+05:30"
2026-07-16 09:24:15.711 +05:30 [INF] Heartbeat running at "2026-07-16T09:24:15.7115376+05:30"
2026-07-16 09:24:23.665 +05:30 [INF] HTTP OPTIONS /api/Doctor/10 responded 204 in 0.1499 ms
2026-07-16 09:24:23.673 +05:30 [INF] HTTP OPTIONS /api/appointment/doctor/10 responded 204 in 0.2905 ms
2026-07-16 09:24:23.776 +05:30 [INF] HTTP GET /api/Doctor/10 responded 200 in 69.9335 ms
2026-07-16 09:24:23.784 +05:30 [INF] HTTP GET /api/Doctor/10 responded 200 in 83.8065 ms
2026-07-16 09:24:23.793 +05:30 [INF] HTTP GET /api/appointment/doctor/10 responded 200 in 38.4979 ms
2026-07-16 09:24:23.808 +05:30 [INF] HTTP GET /api/appointment/doctor/10 responded 200 in 91.2782 ms
2026-07-16 09:24:26.099 +05:30 [INF] Heartbeat running at "2026-07-16T09:24:26.0998257+05:30"
2026-07-16 09:24:36.121 +05:30 [INF] Heartbeat running at "2026-07-16T09:24:36.1219256+05:30"
2026-07-16 09:24:46.146 +05:30 [INF] Heartbeat running at "2026-07-16T09:24:46.1469158+05:30"
2026-07-16 09:24:56.150 +05:30 [INF] Heartbeat running at "2026-07-16T09:24:56.1508011+05:30"
2026-07-16 09:25:06.162 +05:30 [INF] Heartbeat running at "2026-07-16T09:25:06.1623982+05:30"
2026-07-16 10:56:56.798 +05:30 [INF] Configured endpoint HealthAxis3.API.events.queue, Consumer: HealthAxis3.API.Messaging.AppointmentBookedConsumer
2026-07-16 10:57:00.882 +05:30 [INF] Heartbeat running at "2026-07-16T10:57:00.8805317+05:30"
2026-07-16 10:57:03.507 +05:30 [INF] Now listening on: https://localhost:7120
2026-07-16 10:57:03.607 +05:30 [INF] Bus started: "rabbitmq://localhost/"
2026-07-16 10:57:03.619 +05:30 [INF] Now listening on: http://localhost:5042
2026-07-16 10:57:03.977 +05:30 [INF] Application started. Press Ctrl+C to shut down.
2026-07-16 10:57:04.088 +05:30 [INF] Hosting environment: Development
2026-07-16 10:57:04.189 +05:30 [INF] Content root path: C:\Users\310054\source\repos\HealthAxis4\HealthAxis3.API
2026-07-16 10:57:11.013 +05:30 [INF] Heartbeat running at "2026-07-16T10:57:11.0128179+05:30"
2026-07-16 10:57:21.088 +05:30 [INF] Heartbeat running at "2026-07-16T10:57:21.0880172+05:30"
2026-07-16 10:57:31.162 +05:30 [INF] Heartbeat running at "2026-07-16T10:57:31.1619551+05:30"
2026-07-16 10:57:41.338 +05:30 [INF] Heartbeat running at "2026-07-16T10:57:41.3383357+05:30"
2026-07-16 10:57:51.629 +05:30 [INF] Heartbeat running at "2026-07-16T10:57:51.6290882+05:30"
2026-07-16 10:58:01.741 +05:30 [INF] Heartbeat running at "2026-07-16T10:58:01.7417449+05:30"
2026-07-16 10:58:11.786 +05:30 [INF] Heartbeat running at "2026-07-16T10:58:11.7859334+05:30"
2026-07-16 10:58:21.881 +05:30 [INF] Heartbeat running at "2026-07-16T10:58:21.8818161+05:30"
2026-07-16 10:58:32.069 +05:30 [INF] Heartbeat running at "2026-07-16T10:58:32.0695387+05:30"
2026-07-16 10:58:42.156 +05:30 [INF] Heartbeat running at "2026-07-16T10:58:42.1554667+05:30"
2026-07-16 10:58:53.776 +05:30 [INF] Heartbeat running at "2026-07-16T10:58:53.7768212+05:30"
2026-07-16 10:59:03.799 +05:30 [INF] Heartbeat running at "2026-07-16T10:59:03.7989267+05:30"
2026-07-16 10:59:13.840 +05:30 [INF] Heartbeat running at "2026-07-16T10:59:13.8401465+05:30"
2026-07-16 10:59:23.858 +05:30 [INF] Heartbeat running at "2026-07-16T10:59:23.8584171+05:30"
2026-07-16 10:59:33.894 +05:30 [INF] Heartbeat running at "2026-07-16T10:59:33.8947484+05:30"
2026-07-16 10:59:43.944 +05:30 [INF] Heartbeat running at "2026-07-16T10:59:43.9445588+05:30"
2026-07-16 10:59:53.959 +05:30 [INF] Heartbeat running at "2026-07-16T10:59:53.9594171+05:30"
2026-07-16 11:00:03.981 +05:30 [INF] Heartbeat running at "2026-07-16T11:00:03.9816683+05:30"
2026-07-16 11:00:14.012 +05:30 [INF] Heartbeat running at "2026-07-16T11:00:14.0120563+05:30"
2026-07-16 11:00:24.025 +05:30 [INF] Heartbeat running at "2026-07-16T11:00:24.0249384+05:30"
2026-07-16 11:00:34.047 +05:30 [INF] Heartbeat running at "2026-07-16T11:00:34.0471261+05:30"
2026-07-16 11:00:44.090 +05:30 [INF] Heartbeat running at "2026-07-16T11:00:44.0907693+05:30"
2026-07-16 11:00:54.460 +05:30 [INF] Heartbeat running at "2026-07-16T11:00:54.4602852+05:30"
2026-07-16 11:01:04.492 +05:30 [INF] Heartbeat running at "2026-07-16T11:01:04.4923490+05:30"
2026-07-16 11:01:14.512 +05:30 [INF] Heartbeat running at "2026-07-16T11:01:14.5121107+05:30"
2026-07-16 11:01:24.539 +05:30 [INF] Heartbeat running at "2026-07-16T11:01:24.5398774+05:30"
2026-07-16 11:01:34.552 +05:30 [INF] Heartbeat running at "2026-07-16T11:01:34.5527644+05:30"
2026-07-16 11:01:44.568 +05:30 [INF] Heartbeat running at "2026-07-16T11:01:44.5679645+05:30"
2026-07-16 11:01:54.705 +05:30 [INF] Heartbeat running at "2026-07-16T11:01:54.7050723+05:30"
2026-07-16 11:02:08.633 +05:30 [INF] Heartbeat running at "2026-07-16T11:02:08.6314844+05:30"
2026-07-16 11:02:18.866 +05:30 [INF] Heartbeat running at "2026-07-16T11:02:18.8659713+05:30"
2026-07-16 11:02:28.935 +05:30 [INF] Heartbeat running at "2026-07-16T11:02:28.9353285+05:30"
2026-07-16 11:02:38.977 +05:30 [INF] Heartbeat running at "2026-07-16T11:02:38.9775278+05:30"
2026-07-16 11:02:49.330 +05:30 [INF] Heartbeat running at "2026-07-16T11:02:49.3305972+05:30"
2026-07-16 11:02:59.774 +05:30 [INF] Heartbeat running at "2026-07-16T11:02:59.7746861+05:30"
2026-07-16 11:03:15.094 +05:30 [INF] Heartbeat running at "2026-07-16T11:03:15.0941074+05:30"
2026-07-16 11:03:26.867 +05:30 [INF] Heartbeat running at "2026-07-16T11:03:26.8670069+05:30"
2026-07-16 11:03:39.733 +05:30 [INF] Heartbeat running at "2026-07-16T11:03:39.7310424+05:30"
2026-07-16 11:03:50.088 +05:30 [INF] Heartbeat running at "2026-07-16T11:03:50.0881025+05:30"
2026-07-16 11:04:00.353 +05:30 [INF] Heartbeat running at "2026-07-16T11:04:00.3533397+05:30"
2026-07-16 11:04:10.373 +05:30 [INF] Heartbeat running at "2026-07-16T11:04:10.3738896+05:30"
2026-07-16 11:04:20.395 +05:30 [INF] Heartbeat running at "2026-07-16T11:04:20.3953705+05:30"
2026-07-16 11:04:30.416 +05:30 [INF] Heartbeat running at "2026-07-16T11:04:30.4164233+05:30"
2026-07-16 11:04:40.479 +05:30 [INF] Heartbeat running at "2026-07-16T11:04:40.4792265+05:30"
2026-07-16 11:04:50.655 +05:30 [INF] Heartbeat running at "2026-07-16T11:04:50.6554885+05:30"
2026-07-16 11:05:01.161 +05:30 [INF] Heartbeat running at "2026-07-16T11:05:01.1616471+05:30"
2026-07-16 11:05:11.298 +05:30 [INF] Heartbeat running at "2026-07-16T11:05:11.2987066+05:30"
2026-07-16 11:05:21.447 +05:30 [INF] Heartbeat running at "2026-07-16T11:05:21.4473689+05:30"
2026-07-16 11:05:31.596 +05:30 [INF] Heartbeat running at "2026-07-16T11:05:31.4718276+05:30"
2026-07-16 11:05:41.984 +05:30 [INF] Heartbeat running at "2026-07-16T11:05:41.9842803+05:30"
2026-07-16 11:05:52.019 +05:30 [INF] Heartbeat running at "2026-07-16T11:05:52.0190750+05:30"
2026-07-16 11:06:02.042 +05:30 [INF] Heartbeat running at "2026-07-16T11:06:02.0427070+05:30"
2026-07-16 11:06:12.070 +05:30 [INF] Heartbeat running at "2026-07-16T11:06:12.0702300+05:30"
2026-07-16 11:06:22.162 +05:30 [INF] Heartbeat running at "2026-07-16T11:06:22.1628951+05:30"
2026-07-16 11:06:32.199 +05:30 [INF] Heartbeat running at "2026-07-16T11:06:32.1995743+05:30"
2026-07-16 11:06:42.224 +05:30 [INF] Heartbeat running at "2026-07-16T11:06:42.2240082+05:30"
2026-07-16 11:06:52.255 +05:30 [INF] Heartbeat running at "2026-07-16T11:06:52.2553818+05:30"
2026-07-16 11:07:02.287 +05:30 [INF] Heartbeat running at "2026-07-16T11:07:02.2870711+05:30"
2026-07-16 11:07:12.315 +05:30 [INF] Heartbeat running at "2026-07-16T11:07:12.3151328+05:30"
2026-07-16 11:07:22.336 +05:30 [INF] Heartbeat running at "2026-07-16T11:07:22.3359439+05:30"
2026-07-16 11:07:32.365 +05:30 [INF] Heartbeat running at "2026-07-16T11:07:32.3650347+05:30"
2026-07-16 11:07:42.414 +05:30 [INF] Heartbeat running at "2026-07-16T11:07:42.4141074+05:30"
2026-07-16 11:07:52.437 +05:30 [INF] Heartbeat running at "2026-07-16T11:07:52.4376177+05:30"
2026-07-16 11:08:02.464 +05:30 [INF] Heartbeat running at "2026-07-16T11:08:02.4644621+05:30"
2026-07-16 11:08:12.479 +05:30 [INF] Heartbeat running at "2026-07-16T11:08:12.4792637+05:30"
2026-07-16 11:08:22.509 +05:30 [INF] Heartbeat running at "2026-07-16T11:08:22.5092829+05:30"
2026-07-16 11:08:32.535 +05:30 [INF] Heartbeat running at "2026-07-16T11:08:32.5353828+05:30"
2026-07-16 11:08:42.553 +05:30 [INF] Heartbeat running at "2026-07-16T11:08:42.5530199+05:30"
2026-07-16 11:08:52.581 +05:30 [INF] Heartbeat running at "2026-07-16T11:08:52.5811925+05:30"
2026-07-16 11:09:02.604 +05:30 [INF] Heartbeat running at "2026-07-16T11:09:02.6044159+05:30"
2026-07-16 11:09:12.632 +05:30 [INF] Heartbeat running at "2026-07-16T11:09:12.6326186+05:30"
2026-07-16 11:09:22.650 +05:30 [INF] Heartbeat running at "2026-07-16T11:09:22.6500934+05:30"
2026-07-16 11:09:32.672 +05:30 [INF] Heartbeat running at "2026-07-16T11:09:32.6723276+05:30"
2026-07-16 11:09:42.690 +05:30 [INF] Heartbeat running at "2026-07-16T11:09:42.6904734+05:30"
2026-07-16 11:09:52.717 +05:30 [INF] Heartbeat running at "2026-07-16T11:09:52.7176443+05:30"
2026-07-16 11:10:02.734 +05:30 [INF] Heartbeat running at "2026-07-16T11:10:02.7345273+05:30"
2026-07-16 11:10:12.758 +05:30 [INF] Heartbeat running at "2026-07-16T11:10:12.7580911+05:30"
2026-07-16 11:10:22.786 +05:30 [INF] Heartbeat running at "2026-07-16T11:10:22.7866282+05:30"
2026-07-16 11:10:32.799 +05:30 [INF] Heartbeat running at "2026-07-16T11:10:32.7998094+05:30"
2026-07-16 11:10:42.825 +05:30 [INF] Heartbeat running at "2026-07-16T11:10:42.8258090+05:30"
2026-07-16 11:10:52.847 +05:30 [INF] Heartbeat running at "2026-07-16T11:10:52.8471519+05:30"
2026-07-16 11:11:02.871 +05:30 [INF] Heartbeat running at "2026-07-16T11:11:02.8717237+05:30"
2026-07-16 11:11:12.905 +05:30 [INF] Heartbeat running at "2026-07-16T11:11:12.9051993+05:30"
2026-07-16 11:11:22.948 +05:30 [INF] Heartbeat running at "2026-07-16T11:11:22.9489575+05:30"
2026-07-16 11:11:32.966 +05:30 [INF] Heartbeat running at "2026-07-16T11:11:32.9666765+05:30"
2026-07-16 11:11:42.995 +05:30 [INF] Heartbeat running at "2026-07-16T11:11:42.9955864+05:30"
2026-07-16 11:11:53.025 +05:30 [INF] Heartbeat running at "2026-07-16T11:11:53.0247178+05:30"
2026-07-16 11:12:03.049 +05:30 [INF] Heartbeat running at "2026-07-16T11:12:03.0492489+05:30"
2026-07-16 11:12:13.069 +05:30 [INF] Heartbeat running at "2026-07-16T11:12:13.0696841+05:30"
2026-07-16 11:12:23.094 +05:30 [INF] Heartbeat running at "2026-07-16T11:12:23.0940305+05:30"
2026-07-16 11:12:33.110 +05:30 [INF] Heartbeat running at "2026-07-16T11:12:33.1101446+05:30"
2026-07-16 11:12:43.126 +05:30 [INF] Heartbeat running at "2026-07-16T11:12:43.1266440+05:30"
2026-07-16 11:12:53.159 +05:30 [INF] Heartbeat running at "2026-07-16T11:12:53.1597474+05:30"
2026-07-16 11:13:03.203 +05:30 [INF] Heartbeat running at "2026-07-16T11:13:03.2033199+05:30"
2026-07-16 11:13:13.216 +05:30 [INF] Heartbeat running at "2026-07-16T11:13:13.2163936+05:30"
2026-07-16 11:13:23.298 +05:30 [INF] Heartbeat running at "2026-07-16T11:13:23.2980097+05:30"
2026-07-16 11:13:33.315 +05:30 [INF] Heartbeat running at "2026-07-16T11:13:33.3155542+05:30"
2026-07-16 11:13:43.352 +05:30 [INF] Heartbeat running at "2026-07-16T11:13:43.3522901+05:30"
2026-07-16 11:13:53.372 +05:30 [INF] Heartbeat running at "2026-07-16T11:13:53.3724786+05:30"
2026-07-16 11:14:03.403 +05:30 [INF] Heartbeat running at "2026-07-16T11:14:03.4037120+05:30"
2026-07-16 11:14:13.436 +05:30 [INF] Heartbeat running at "2026-07-16T11:14:13.4366551+05:30"
2026-07-16 11:14:23.571 +05:30 [INF] Heartbeat running at "2026-07-16T11:14:23.5718587+05:30"
2026-07-16 11:14:33.594 +05:30 [INF] Heartbeat running at "2026-07-16T11:14:33.5943124+05:30"
2026-07-16 11:14:43.622 +05:30 [INF] Heartbeat running at "2026-07-16T11:14:43.6227160+05:30"
2026-07-16 11:14:53.639 +05:30 [INF] Heartbeat running at "2026-07-16T11:14:53.6398786+05:30"
2026-07-16 11:15:03.659 +05:30 [INF] Heartbeat running at "2026-07-16T11:15:03.6597732+05:30"
2026-07-16 11:15:13.675 +05:30 [INF] Heartbeat running at "2026-07-16T11:15:13.6756613+05:30"
2026-07-16 11:15:23.695 +05:30 [INF] Heartbeat running at "2026-07-16T11:15:23.6952306+05:30"
2026-07-16 11:15:33.711 +05:30 [INF] Heartbeat running at "2026-07-16T11:15:33.7110208+05:30"
2026-07-16 11:15:43.732 +05:30 [INF] Heartbeat running at "2026-07-16T11:15:43.7321223+05:30"
2026-07-16 11:15:53.757 +05:30 [INF] Heartbeat running at "2026-07-16T11:15:53.7573565+05:30"
2026-07-16 11:16:03.803 +05:30 [INF] Heartbeat running at "2026-07-16T11:16:03.8036827+05:30"
2026-07-16 11:16:13.824 +05:30 [INF] Heartbeat running at "2026-07-16T11:16:13.8247063+05:30"
2026-07-16 11:16:23.851 +05:30 [INF] Heartbeat running at "2026-07-16T11:16:23.8516497+05:30"
2026-07-16 11:16:33.887 +05:30 [INF] Heartbeat running at "2026-07-16T11:16:33.8873792+05:30"
2026-07-16 11:16:43.912 +05:30 [INF] Heartbeat running at "2026-07-16T11:16:43.9125407+05:30"
2026-07-16 11:16:53.934 +05:30 [INF] Heartbeat running at "2026-07-16T11:16:53.9348720+05:30"
2026-07-16 11:17:03.960 +05:30 [INF] Heartbeat running at "2026-07-16T11:17:03.9606106+05:30"
2026-07-16 11:17:13.977 +05:30 [INF] Heartbeat running at "2026-07-16T11:17:13.9772362+05:30"
2026-07-16 11:17:24.007 +05:30 [INF] Heartbeat running at "2026-07-16T11:17:24.0079185+05:30"
2026-07-16 11:17:34.021 +05:30 [INF] Heartbeat running at "2026-07-16T11:17:34.0210772+05:30"
2026-07-16 11:17:44.048 +05:30 [INF] Heartbeat running at "2026-07-16T11:17:44.0489182+05:30"
2026-07-16 11:17:54.077 +05:30 [INF] Heartbeat running at "2026-07-16T11:17:54.0774387+05:30"
2026-07-16 11:18:04.103 +05:30 [INF] Heartbeat running at "2026-07-16T11:18:04.1033175+05:30"
2026-07-16 11:18:14.127 +05:30 [INF] Heartbeat running at "2026-07-16T11:18:14.1275962+05:30"
2026-07-16 11:18:24.161 +05:30 [INF] Heartbeat running at "2026-07-16T11:18:24.1616739+05:30"
2026-07-16 11:18:34.188 +05:30 [INF] Heartbeat running at "2026-07-16T11:18:34.1881223+05:30"
2026-07-16 11:18:44.217 +05:30 [INF] Heartbeat running at "2026-07-16T11:18:44.2175545+05:30"
2026-07-16 11:18:54.248 +05:30 [INF] Heartbeat running at "2026-07-16T11:18:54.2482259+05:30"
2026-07-16 11:19:04.312 +05:30 [INF] Heartbeat running at "2026-07-16T11:19:04.3122880+05:30"
2026-07-16 11:19:14.332 +05:30 [INF] Heartbeat running at "2026-07-16T11:19:14.3320859+05:30"
2026-07-16 11:19:24.353 +05:30 [INF] Heartbeat running at "2026-07-16T11:19:24.3539109+05:30"
2026-07-16 11:19:34.365 +05:30 [INF] Heartbeat running at "2026-07-16T11:19:34.3653133+05:30"
2026-07-16 11:19:44.391 +05:30 [INF] Heartbeat running at "2026-07-16T11:19:44.3915166+05:30"
2026-07-16 11:19:54.418 +05:30 [INF] Heartbeat running at "2026-07-16T11:19:54.4189649+05:30"
2026-07-16 11:20:04.441 +05:30 [INF] Heartbeat running at "2026-07-16T11:20:04.4409984+05:30"
2026-07-16 11:20:14.473 +05:30 [INF] Heartbeat running at "2026-07-16T11:20:14.4737804+05:30"
2026-07-16 11:20:24.494 +05:30 [INF] Heartbeat running at "2026-07-16T11:20:24.4948211+05:30"
2026-07-16 11:20:34.521 +05:30 [INF] Heartbeat running at "2026-07-16T11:20:34.5213798+05:30"
2026-07-16 11:20:44.545 +05:30 [INF] Heartbeat running at "2026-07-16T11:20:44.5450394+05:30"
2026-07-16 11:20:54.565 +05:30 [INF] Heartbeat running at "2026-07-16T11:20:54.5657116+05:30"
2026-07-16 11:21:04.591 +05:30 [INF] Heartbeat running at "2026-07-16T11:21:04.5910129+05:30"
2026-07-16 11:21:14.616 +05:30 [INF] Heartbeat running at "2026-07-16T11:21:14.6163873+05:30"
2026-07-16 11:21:24.637 +05:30 [INF] Heartbeat running at "2026-07-16T11:21:24.6379661+05:30"
2026-07-16 11:21:34.663 +05:30 [INF] Heartbeat running at "2026-07-16T11:21:34.6631217+05:30"
2026-07-16 11:21:44.675 +05:30 [INF] Heartbeat running at "2026-07-16T11:21:44.6754747+05:30"
2026-07-16 11:21:54.706 +05:30 [INF] Heartbeat running at "2026-07-16T11:21:54.7064017+05:30"
2026-07-16 11:22:04.739 +05:30 [INF] Heartbeat running at "2026-07-16T11:22:04.7395945+05:30"
2026-07-16 11:22:14.778 +05:30 [INF] Heartbeat running at "2026-07-16T11:22:14.7787154+05:30"
2026-07-16 11:22:24.800 +05:30 [INF] Heartbeat running at "2026-07-16T11:22:24.8008305+05:30"
2026-07-16 11:22:34.821 +05:30 [INF] Heartbeat running at "2026-07-16T11:22:34.8210874+05:30"
2026-07-16 11:22:44.840 +05:30 [INF] Heartbeat running at "2026-07-16T11:22:44.8400105+05:30"
2026-07-16 11:22:54.867 +05:30 [INF] Heartbeat running at "2026-07-16T11:22:54.8679527+05:30"
2026-07-16 11:23:04.888 +05:30 [INF] Heartbeat running at "2026-07-16T11:23:04.8887371+05:30"
2026-07-16 11:23:14.914 +05:30 [INF] Heartbeat running at "2026-07-16T11:23:14.9145500+05:30"
2026-07-16 11:23:24.944 +05:30 [INF] Heartbeat running at "2026-07-16T11:23:24.9442564+05:30"
2026-07-16 11:23:34.957 +05:30 [INF] Heartbeat running at "2026-07-16T11:23:34.9575971+05:30"
2026-07-16 11:23:44.978 +05:30 [INF] Heartbeat running at "2026-07-16T11:23:44.9781410+05:30"
2026-07-16 11:23:54.997 +05:30 [INF] Heartbeat running at "2026-07-16T11:23:54.9969865+05:30"
2026-07-16 11:24:05.052 +05:30 [INF] Heartbeat running at "2026-07-16T11:24:05.0521439+05:30"
2026-07-16 11:24:15.065 +05:30 [INF] Heartbeat running at "2026-07-16T11:24:15.0651772+05:30"
2026-07-16 11:24:25.088 +05:30 [INF] Heartbeat running at "2026-07-16T11:24:25.0881512+05:30"
2026-07-16 11:24:35.119 +05:30 [INF] Heartbeat running at "2026-07-16T11:24:35.1197080+05:30"
2026-07-16 11:24:45.141 +05:30 [INF] Heartbeat running at "2026-07-16T11:24:45.1411405+05:30"
2026-07-16 11:24:55.178 +05:30 [INF] Heartbeat running at "2026-07-16T11:24:55.1780710+05:30"
2026-07-16 11:25:05.199 +05:30 [INF] Heartbeat running at "2026-07-16T11:25:05.1995146+05:30"
2026-07-16 11:25:15.231 +05:30 [INF] Heartbeat running at "2026-07-16T11:25:15.2315429+05:30"
2026-07-16 11:25:25.270 +05:30 [INF] Heartbeat running at "2026-07-16T11:25:25.2703162+05:30"
2026-07-16 11:25:35.386 +05:30 [INF] Heartbeat running at "2026-07-16T11:25:35.3865021+05:30"
2026-07-16 11:25:45.407 +05:30 [INF] Heartbeat running at "2026-07-16T11:25:45.4071348+05:30"
2026-07-16 11:25:55.427 +05:30 [INF] Heartbeat running at "2026-07-16T11:25:55.4271889+05:30"
2026-07-16 11:26:05.448 +05:30 [INF] Heartbeat running at "2026-07-16T11:26:05.4489220+05:30"
2026-07-16 11:26:15.476 +05:30 [INF] Heartbeat running at "2026-07-16T11:26:15.4769294+05:30"
2026-07-16 11:26:25.513 +05:30 [INF] Heartbeat running at "2026-07-16T11:26:25.5129929+05:30"
2026-07-16 11:26:35.560 +05:30 [INF] Heartbeat running at "2026-07-16T11:26:35.5604145+05:30"
2026-07-16 11:26:46.418 +05:30 [INF] Heartbeat running at "2026-07-16T11:26:46.4181652+05:30"
2026-07-16 11:26:56.433 +05:30 [INF] Heartbeat running at "2026-07-16T11:26:56.4335039+05:30"
2026-07-16 11:27:06.462 +05:30 [INF] Heartbeat running at "2026-07-16T11:27:06.4626832+05:30"
2026-07-16 11:27:16.509 +05:30 [INF] Heartbeat running at "2026-07-16T11:27:16.5096879+05:30"
2026-07-16 11:27:26.537 +05:30 [INF] Heartbeat running at "2026-07-16T11:27:26.5372767+05:30"
2026-07-16 11:27:36.567 +05:30 [INF] Heartbeat running at "2026-07-16T11:27:36.5665809+05:30"
2026-07-16 11:27:46.593 +05:30 [INF] Heartbeat running at "2026-07-16T11:27:46.5937019+05:30"
2026-07-16 11:27:56.610 +05:30 [INF] Heartbeat running at "2026-07-16T11:27:56.6107265+05:30"
2026-07-16 11:28:06.644 +05:30 [INF] Heartbeat running at "2026-07-16T11:28:06.6446985+05:30"
2026-07-16 11:28:16.668 +05:30 [INF] Heartbeat running at "2026-07-16T11:28:16.6684309+05:30"
2026-07-16 11:28:26.682 +05:30 [INF] Heartbeat running at "2026-07-16T11:28:26.6820565+05:30"
2026-07-16 11:28:36.708 +05:30 [INF] Heartbeat running at "2026-07-16T11:28:36.7087118+05:30"
2026-07-16 11:28:46.729 +05:30 [INF] Heartbeat running at "2026-07-16T11:28:46.7293818+05:30"
2026-07-16 11:28:56.750 +05:30 [INF] Heartbeat running at "2026-07-16T11:28:56.7506363+05:30"
2026-07-16 11:29:06.786 +05:30 [INF] Heartbeat running at "2026-07-16T11:29:06.7869085+05:30"
2026-07-16 11:29:16.803 +05:30 [INF] Heartbeat running at "2026-07-16T11:29:16.8032496+05:30"
2026-07-16 11:29:26.828 +05:30 [INF] Heartbeat running at "2026-07-16T11:29:26.8288711+05:30"
2026-07-16 11:29:36.858 +05:30 [INF] Heartbeat running at "2026-07-16T11:29:36.8587934+05:30"
2026-07-16 11:29:46.893 +05:30 [INF] Heartbeat running at "2026-07-16T11:29:46.8932158+05:30"
2026-07-16 11:29:56.913 +05:30 [INF] Heartbeat running at "2026-07-16T11:29:56.9133382+05:30"
2026-07-16 11:30:06.935 +05:30 [INF] Heartbeat running at "2026-07-16T11:30:06.9357991+05:30"
2026-07-16 11:30:16.971 +05:30 [INF] Heartbeat running at "2026-07-16T11:30:16.9713601+05:30"
2026-07-16 11:30:27.000 +05:30 [INF] Heartbeat running at "2026-07-16T11:30:27.0001721+05:30"
2026-07-16 11:30:37.018 +05:30 [INF] Heartbeat running at "2026-07-16T11:30:37.0189358+05:30"
2026-07-16 11:30:47.043 +05:30 [INF] Heartbeat running at "2026-07-16T11:30:47.0438780+05:30"
2026-07-16 11:30:57.079 +05:30 [INF] Heartbeat running at "2026-07-16T11:30:57.0797715+05:30"
2026-07-16 11:31:07.148 +05:30 [INF] Heartbeat running at "2026-07-16T11:31:07.1480030+05:30"
2026-07-16 11:31:17.175 +05:30 [INF] Heartbeat running at "2026-07-16T11:31:17.1755022+05:30"
2026-07-16 11:31:27.223 +05:30 [INF] Heartbeat running at "2026-07-16T11:31:27.2238065+05:30"
2026-07-16 11:31:37.252 +05:30 [INF] Heartbeat running at "2026-07-16T11:31:37.2527305+05:30"
2026-07-16 11:31:47.374 +05:30 [INF] Heartbeat running at "2026-07-16T11:31:47.3742218+05:30"
2026-07-16 11:31:57.405 +05:30 [INF] Heartbeat running at "2026-07-16T11:31:57.4053465+05:30"
2026-07-16 11:32:07.523 +05:30 [INF] Heartbeat running at "2026-07-16T11:32:07.5234175+05:30"
2026-07-16 11:32:17.540 +05:30 [INF] Heartbeat running at "2026-07-16T11:32:17.5407213+05:30"
2026-07-16 11:32:27.567 +05:30 [INF] Heartbeat running at "2026-07-16T11:32:27.5672162+05:30"
2026-07-16 11:32:37.585 +05:30 [INF] Heartbeat running at "2026-07-16T11:32:37.5855252+05:30"
2026-07-16 11:32:47.605 +05:30 [INF] Heartbeat running at "2026-07-16T11:32:47.6053639+05:30"
2026-07-16 11:32:57.624 +05:30 [INF] Heartbeat running at "2026-07-16T11:32:57.6249471+05:30"
2026-07-16 11:33:07.663 +05:30 [INF] Heartbeat running at "2026-07-16T11:33:07.6636618+05:30"
2026-07-16 11:33:17.698 +05:30 [INF] Heartbeat running at "2026-07-16T11:33:17.6984347+05:30"
2026-07-16 11:33:27.724 +05:30 [INF] Heartbeat running at "2026-07-16T11:33:27.7249374+05:30"
2026-07-16 11:33:37.752 +05:30 [INF] Heartbeat running at "2026-07-16T11:33:37.7524034+05:30"
2026-07-16 11:33:47.777 +05:30 [INF] Heartbeat running at "2026-07-16T11:33:47.7777702+05:30"
2026-07-16 11:33:57.795 +05:30 [INF] Heartbeat running at "2026-07-16T11:33:57.7958278+05:30"
2026-07-16 11:34:07.828 +05:30 [INF] Heartbeat running at "2026-07-16T11:34:07.8281422+05:30"
2026-07-16 11:34:17.856 +05:30 [INF] Heartbeat running at "2026-07-16T11:34:17.8568418+05:30"
2026-07-16 11:34:27.887 +05:30 [INF] Heartbeat running at "2026-07-16T11:34:27.8879051+05:30"
2026-07-16 11:34:37.907 +05:30 [INF] Heartbeat running at "2026-07-16T11:34:37.9072899+05:30"
2026-07-16 11:34:47.919 +05:30 [INF] Heartbeat running at "2026-07-16T11:34:47.9197922+05:30"
2026-07-16 11:34:57.948 +05:30 [INF] Heartbeat running at "2026-07-16T11:34:57.9485457+05:30"
2026-07-16 11:35:07.995 +05:30 [INF] Heartbeat running at "2026-07-16T11:35:07.9957317+05:30"
2026-07-16 11:35:18.010 +05:30 [INF] Heartbeat running at "2026-07-16T11:35:18.0104977+05:30"
2026-07-16 11:35:28.028 +05:30 [INF] Heartbeat running at "2026-07-16T11:35:28.0287156+05:30"
2026-07-16 11:35:38.055 +05:30 [INF] Heartbeat running at "2026-07-16T11:35:38.0550044+05:30"
2026-07-16 11:35:48.077 +05:30 [INF] Heartbeat running at "2026-07-16T11:35:48.0771705+05:30"
2026-07-16 11:35:58.095 +05:30 [INF] Heartbeat running at "2026-07-16T11:35:58.0959347+05:30"
2026-07-16 11:36:08.110 +05:30 [INF] Heartbeat running at "2026-07-16T11:36:08.1103462+05:30"
2026-07-16 11:36:18.135 +05:30 [INF] Heartbeat running at "2026-07-16T11:36:18.1350936+05:30"
2026-07-16 11:36:28.157 +05:30 [INF] Heartbeat running at "2026-07-16T11:36:28.1578929+05:30"
2026-07-16 11:36:38.193 +05:30 [INF] Heartbeat running at "2026-07-16T11:36:38.1934590+05:30"
2026-07-16 11:36:48.222 +05:30 [INF] Heartbeat running at "2026-07-16T11:36:48.2225181+05:30"
2026-07-16 11:36:58.238 +05:30 [INF] Heartbeat running at "2026-07-16T11:36:58.2380553+05:30"
2026-07-16 11:37:08.266 +05:30 [INF] Heartbeat running at "2026-07-16T11:37:08.2668381+05:30"
2026-07-16 11:37:18.278 +05:30 [INF] Heartbeat running at "2026-07-16T11:37:18.2784154+05:30"
2026-07-16 11:37:28.308 +05:30 [INF] Heartbeat running at "2026-07-16T11:37:28.3080907+05:30"
2026-07-16 11:37:38.335 +05:30 [INF] Heartbeat running at "2026-07-16T11:37:38.3359277+05:30"
2026-07-16 11:37:48.357 +05:30 [INF] Heartbeat running at "2026-07-16T11:37:48.3578695+05:30"
2026-07-16 11:37:58.382 +05:30 [INF] Heartbeat running at "2026-07-16T11:37:58.3829271+05:30"
2026-07-16 11:38:08.439 +05:30 [INF] Heartbeat running at "2026-07-16T11:38:08.4399398+05:30"
2026-07-16 11:38:18.463 +05:30 [INF] Heartbeat running at "2026-07-16T11:38:18.4633812+05:30"
2026-07-16 11:38:28.479 +05:30 [INF] Heartbeat running at "2026-07-16T11:38:28.4797194+05:30"
2026-07-16 11:38:38.503 +05:30 [INF] Heartbeat running at "2026-07-16T11:38:38.5033571+05:30"
2026-07-16 11:38:48.528 +05:30 [INF] Heartbeat running at "2026-07-16T11:38:48.5284962+05:30"
2026-07-16 11:38:58.547 +05:30 [INF] Heartbeat running at "2026-07-16T11:38:58.5472172+05:30"
2026-07-16 11:39:08.579 +05:30 [INF] Heartbeat running at "2026-07-16T11:39:08.5797244+05:30"
2026-07-16 11:39:18.618 +05:30 [INF] Heartbeat running at "2026-07-16T11:39:18.6179798+05:30"
2026-07-16 11:39:28.641 +05:30 [INF] Heartbeat running at "2026-07-16T11:39:28.6416813+05:30"
2026-07-16 11:39:38.661 +05:30 [INF] Heartbeat running at "2026-07-16T11:39:38.6612879+05:30"
2026-07-16 11:39:48.688 +05:30 [INF] Heartbeat running at "2026-07-16T11:39:48.6886746+05:30"
2026-07-16 11:39:58.710 +05:30 [INF] Heartbeat running at "2026-07-16T11:39:58.7104570+05:30"
2026-07-16 11:40:08.733 +05:30 [INF] Heartbeat running at "2026-07-16T11:40:08.7336655+05:30"
2026-07-16 11:40:18.752 +05:30 [INF] Heartbeat running at "2026-07-16T11:40:18.7525681+05:30"
2026-07-16 11:40:28.769 +05:30 [INF] Heartbeat running at "2026-07-16T11:40:28.7696041+05:30"
2026-07-16 11:40:38.788 +05:30 [INF] Heartbeat running at "2026-07-16T11:40:38.7885204+05:30"
2026-07-16 11:40:48.804 +05:30 [INF] Heartbeat running at "2026-07-16T11:40:48.8049739+05:30"
2026-07-16 11:40:58.821 +05:30 [INF] Heartbeat running at "2026-07-16T11:40:58.8215174+05:30"
2026-07-16 11:41:08.851 +05:30 [INF] Heartbeat running at "2026-07-16T11:41:08.8512298+05:30"
2026-07-16 11:41:18.877 +05:30 [INF] Heartbeat running at "2026-07-16T11:41:18.8770674+05:30"
2026-07-16 11:41:28.902 +05:30 [INF] Heartbeat running at "2026-07-16T11:41:28.9020458+05:30"
2026-07-16 11:41:38.926 +05:30 [INF] Heartbeat running at "2026-07-16T11:41:38.9268234+05:30"
2026-07-16 11:41:48.957 +05:30 [INF] Heartbeat running at "2026-07-16T11:41:48.9573124+05:30"
2026-07-16 11:41:58.986 +05:30 [INF] Heartbeat running at "2026-07-16T11:41:58.9864791+05:30"
2026-07-16 11:42:09.008 +05:30 [INF] Heartbeat running at "2026-07-16T11:42:09.0082313+05:30"
2026-07-16 11:42:19.033 +05:30 [INF] Heartbeat running at "2026-07-16T11:42:19.0337332+05:30"
2026-07-16 11:42:29.051 +05:30 [INF] Heartbeat running at "2026-07-16T11:42:29.0516458+05:30"
2026-07-16 11:42:39.075 +05:30 [INF] Heartbeat running at "2026-07-16T11:42:39.0754593+05:30"
2026-07-16 11:42:49.101 +05:30 [INF] Heartbeat running at "2026-07-16T11:42:49.1012695+05:30"
2026-07-16 11:42:59.126 +05:30 [INF] Heartbeat running at "2026-07-16T11:42:59.1266196+05:30"
2026-07-16 11:43:09.152 +05:30 [INF] Heartbeat running at "2026-07-16T11:43:09.1529599+05:30"
2026-07-16 11:43:19.298 +05:30 [INF] Heartbeat running at "2026-07-16T11:43:19.2982035+05:30"
2026-07-16 11:43:29.330 +05:30 [INF] Heartbeat running at "2026-07-16T11:43:29.3308617+05:30"
2026-07-16 11:43:39.346 +05:30 [INF] Heartbeat running at "2026-07-16T11:43:39.3468850+05:30"
2026-07-16 11:43:49.363 +05:30 [INF] Heartbeat running at "2026-07-16T11:43:49.3631645+05:30"
2026-07-16 11:43:59.393 +05:30 [INF] Heartbeat running at "2026-07-16T11:43:59.3930082+05:30"
2026-07-16 11:44:09.416 +05:30 [INF] Heartbeat running at "2026-07-16T11:44:09.4168706+05:30"
2026-07-16 11:44:19.442 +05:30 [INF] Heartbeat running at "2026-07-16T11:44:19.4425120+05:30"
2026-07-16 11:44:29.469 +05:30 [INF] Heartbeat running at "2026-07-16T11:44:29.4697751+05:30"
2026-07-16 11:44:39.488 +05:30 [INF] Heartbeat running at "2026-07-16T11:44:39.4887487+05:30"
2026-07-16 11:44:49.518 +05:30 [INF] Heartbeat running at "2026-07-16T11:44:49.5186812+05:30"
2026-07-16 11:44:59.533 +05:30 [INF] Heartbeat running at "2026-07-16T11:44:59.5331719+05:30"
2026-07-16 11:45:09.559 +05:30 [INF] Heartbeat running at "2026-07-16T11:45:09.5590956+05:30"
2026-07-16 11:45:19.586 +05:30 [INF] Heartbeat running at "2026-07-16T11:45:19.5862278+05:30"
2026-07-16 11:45:29.601 +05:30 [INF] Heartbeat running at "2026-07-16T11:45:29.6013795+05:30"
2026-07-16 11:45:39.627 +05:30 [INF] Heartbeat running at "2026-07-16T11:45:39.6271694+05:30"
2026-07-16 11:45:49.654 +05:30 [INF] Heartbeat running at "2026-07-16T11:45:49.6538457+05:30"
2026-07-16 11:45:59.780 +05:30 [INF] Heartbeat running at "2026-07-16T11:45:59.7807212+05:30"
2026-07-16 11:46:09.810 +05:30 [INF] Heartbeat running at "2026-07-16T11:46:09.8105151+05:30"
2026-07-16 11:46:19.832 +05:30 [INF] Heartbeat running at "2026-07-16T11:46:19.8324941+05:30"
2026-07-16 11:46:29.863 +05:30 [INF] Heartbeat running at "2026-07-16T11:46:29.8633284+05:30"
2026-07-16 11:46:39.903 +05:30 [INF] Heartbeat running at "2026-07-16T11:46:39.9036154+05:30"
2026-07-16 11:46:49.922 +05:30 [INF] Heartbeat running at "2026-07-16T11:46:49.9229336+05:30"
2026-07-16 11:46:59.965 +05:30 [INF] Heartbeat running at "2026-07-16T11:46:59.9651806+05:30"
2026-07-16 11:47:09.990 +05:30 [INF] Heartbeat running at "2026-07-16T11:47:09.9906639+05:30"
2026-07-16 11:47:20.007 +05:30 [INF] Heartbeat running at "2026-07-16T11:47:20.0073655+05:30"
2026-07-16 11:47:30.035 +05:30 [INF] Heartbeat running at "2026-07-16T11:47:30.0355780+05:30"
2026-07-16 11:47:40.057 +05:30 [INF] Heartbeat running at "2026-07-16T11:47:40.0578756+05:30"
2026-07-16 11:47:50.097 +05:30 [INF] Heartbeat running at "2026-07-16T11:47:50.0972094+05:30"
2026-07-16 11:48:00.129 +05:30 [INF] Heartbeat running at "2026-07-16T11:48:00.1295768+05:30"
2026-07-16 11:48:10.155 +05:30 [INF] Heartbeat running at "2026-07-16T11:48:10.1557414+05:30"
2026-07-16 11:48:20.185 +05:30 [INF] Heartbeat running at "2026-07-16T11:48:20.1851477+05:30"
2026-07-16 11:48:30.227 +05:30 [INF] Heartbeat running at "2026-07-16T11:48:30.2275791+05:30"
2026-07-16 11:48:40.252 +05:30 [INF] Heartbeat running at "2026-07-16T11:48:40.2529386+05:30"
2026-07-16 11:48:50.272 +05:30 [INF] Heartbeat running at "2026-07-16T11:48:50.2727394+05:30"
2026-07-16 11:49:00.297 +05:30 [INF] Heartbeat running at "2026-07-16T11:49:00.2970461+05:30"
2026-07-16 11:49:10.318 +05:30 [INF] Heartbeat running at "2026-07-16T11:49:10.3184041+05:30"
2026-07-16 11:49:20.338 +05:30 [INF] Heartbeat running at "2026-07-16T11:49:20.3381024+05:30"
2026-07-16 11:49:30.357 +05:30 [INF] Heartbeat running at "2026-07-16T11:49:30.3570363+05:30"
2026-07-16 11:49:40.380 +05:30 [INF] Heartbeat running at "2026-07-16T11:49:40.3799445+05:30"
2026-07-16 11:49:50.406 +05:30 [INF] Heartbeat running at "2026-07-16T11:49:50.4063552+05:30"
2026-07-16 11:50:00.426 +05:30 [INF] Heartbeat running at "2026-07-16T11:50:00.4263728+05:30"
2026-07-16 11:50:10.454 +05:30 [INF] Heartbeat running at "2026-07-16T11:50:10.4546534+05:30"
2026-07-16 11:50:20.478 +05:30 [INF] Heartbeat running at "2026-07-16T11:50:20.4789000+05:30"
2026-07-16 11:50:30.493 +05:30 [INF] Heartbeat running at "2026-07-16T11:50:30.4931182+05:30"
2026-07-16 11:50:40.520 +05:30 [INF] Heartbeat running at "2026-07-16T11:50:40.5204631+05:30"
2026-07-16 11:50:50.548 +05:30 [INF] Heartbeat running at "2026-07-16T11:50:50.5488121+05:30"
2026-07-16 11:51:00.593 +05:30 [INF] Heartbeat running at "2026-07-16T11:51:00.5938746+05:30"
2026-07-16 11:51:10.611 +05:30 [INF] Heartbeat running at "2026-07-16T11:51:10.6111496+05:30"
2026-07-16 11:51:20.655 +05:30 [INF] Heartbeat running at "2026-07-16T11:51:20.6559192+05:30"
2026-07-16 11:51:30.702 +05:30 [INF] Heartbeat running at "2026-07-16T11:51:30.7024398+05:30"
2026-07-16 11:51:40.725 +05:30 [INF] Heartbeat running at "2026-07-16T11:51:40.7258149+05:30"
2026-07-16 11:51:50.982 +05:30 [INF] Heartbeat running at "2026-07-16T11:51:50.9823604+05:30"
2026-07-16 11:52:02.583 +05:30 [INF] Heartbeat running at "2026-07-16T11:52:02.5834371+05:30"
2026-07-16 11:52:15.445 +05:30 [INF] Heartbeat running at "2026-07-16T11:52:15.4450052+05:30"
2026-07-16 11:52:25.490 +05:30 [INF] Heartbeat running at "2026-07-16T11:52:25.4901261+05:30"
2026-07-16 11:52:35.511 +05:30 [INF] Heartbeat running at "2026-07-16T11:52:35.5114283+05:30"
2026-07-16 11:52:45.537 +05:30 [INF] Heartbeat running at "2026-07-16T11:52:45.5375796+05:30"
2026-07-16 11:52:55.574 +05:30 [INF] Heartbeat running at "2026-07-16T11:52:55.5746645+05:30"
2026-07-16 11:53:05.604 +05:30 [INF] Heartbeat running at "2026-07-16T11:53:05.6047618+05:30"
2026-07-16 11:53:15.626 +05:30 [INF] Heartbeat running at "2026-07-16T11:53:15.6265030+05:30"
2026-07-16 11:53:25.649 +05:30 [INF] Heartbeat running at "2026-07-16T11:53:25.6491544+05:30"
2026-07-16 11:53:35.678 +05:30 [INF] Heartbeat running at "2026-07-16T11:53:35.6788606+05:30"
2026-07-16 11:53:45.718 +05:30 [INF] Heartbeat running at "2026-07-16T11:53:45.7187490+05:30"
2026-07-16 11:53:55.746 +05:30 [INF] Heartbeat running at "2026-07-16T11:53:55.7463769+05:30"
2026-07-16 11:54:05.770 +05:30 [INF] Heartbeat running at "2026-07-16T11:54:05.7705753+05:30"
2026-07-16 11:54:15.802 +05:30 [INF] Heartbeat running at "2026-07-16T11:54:15.8025998+05:30"
2026-07-16 11:54:25.996 +05:30 [INF] Heartbeat running at "2026-07-16T11:54:25.9968556+05:30"
2026-07-16 11:54:36.032 +05:30 [INF] Heartbeat running at "2026-07-16T11:54:36.0325094+05:30"
2026-07-16 11:54:46.059 +05:30 [INF] Heartbeat running at "2026-07-16T11:54:46.0597055+05:30"
2026-07-16 11:54:56.232 +05:30 [INF] Heartbeat running at "2026-07-16T11:54:56.2328750+05:30"
2026-07-16 11:55:06.257 +05:30 [INF] Heartbeat running at "2026-07-16T11:55:06.2570675+05:30"
2026-07-16 11:55:16.301 +05:30 [INF] Heartbeat running at "2026-07-16T11:55:16.3011158+05:30"
2026-07-16 11:55:26.374 +05:30 [INF] Heartbeat running at "2026-07-16T11:55:26.3748426+05:30"
2026-07-16 11:55:36.399 +05:30 [INF] Heartbeat running at "2026-07-16T11:55:36.3993247+05:30"
2026-07-16 11:55:46.418 +05:30 [INF] Heartbeat running at "2026-07-16T11:55:46.4184468+05:30"
2026-07-16 11:55:56.444 +05:30 [INF] Heartbeat running at "2026-07-16T11:55:56.4445536+05:30"
2026-07-16 11:56:06.473 +05:30 [INF] Heartbeat running at "2026-07-16T11:56:06.4737306+05:30"
2026-07-16 11:56:16.509 +05:30 [INF] Heartbeat running at "2026-07-16T11:56:16.5089734+05:30"
2026-07-16 11:56:26.539 +05:30 [INF] Heartbeat running at "2026-07-16T11:56:26.5398883+05:30"
2026-07-16 11:56:36.570 +05:30 [INF] Heartbeat running at "2026-07-16T11:56:36.5709681+05:30"
2026-07-16 11:56:46.598 +05:30 [INF] Heartbeat running at "2026-07-16T11:56:46.5980289+05:30"
2026-07-16 11:56:56.617 +05:30 [INF] Heartbeat running at "2026-07-16T11:56:56.6172810+05:30"
2026-07-16 11:57:06.640 +05:30 [INF] Heartbeat running at "2026-07-16T11:57:06.6408856+05:30"
2026-07-16 11:57:16.666 +05:30 [INF] Heartbeat running at "2026-07-16T11:57:16.6663528+05:30"
2026-07-16 11:57:26.697 +05:30 [INF] Heartbeat running at "2026-07-16T11:57:26.6974648+05:30"
2026-07-16 11:57:36.729 +05:30 [INF] Heartbeat running at "2026-07-16T11:57:36.7296442+05:30"
2026-07-16 11:57:46.758 +05:30 [INF] Heartbeat running at "2026-07-16T11:57:46.7580268+05:30"
2026-07-16 11:57:56.793 +05:30 [INF] Heartbeat running at "2026-07-16T11:57:56.7936170+05:30"
2026-07-16 11:58:06.815 +05:30 [INF] Heartbeat running at "2026-07-16T11:58:06.8156534+05:30"
2026-07-16 11:58:16.835 +05:30 [INF] Heartbeat running at "2026-07-16T11:58:16.8357809+05:30"
2026-07-16 11:58:26.860 +05:30 [INF] Heartbeat running at "2026-07-16T11:58:26.8599993+05:30"
2026-07-16 11:58:36.885 +05:30 [INF] Heartbeat running at "2026-07-16T11:58:36.8857207+05:30"
2026-07-16 11:58:46.910 +05:30 [INF] Heartbeat running at "2026-07-16T11:58:46.9100564+05:30"
2026-07-16 11:58:56.948 +05:30 [INF] Heartbeat running at "2026-07-16T11:58:56.9488484+05:30"
2026-07-16 11:59:06.984 +05:30 [INF] Heartbeat running at "2026-07-16T11:59:06.9842400+05:30"
2026-07-16 11:59:17.077 +05:30 [INF] Heartbeat running at "2026-07-16T11:59:17.0775772+05:30"
2026-07-16 11:59:27.098 +05:30 [INF] Heartbeat running at "2026-07-16T11:59:27.0983236+05:30"
2026-07-16 11:59:37.116 +05:30 [INF] Heartbeat running at "2026-07-16T11:59:37.1163817+05:30"
2026-07-16 11:59:47.149 +05:30 [INF] Heartbeat running at "2026-07-16T11:59:47.1494837+05:30"
2026-07-16 11:59:57.163 +05:30 [INF] Heartbeat running at "2026-07-16T11:59:57.1635895+05:30"
2026-07-16 12:00:07.199 +05:30 [INF] Heartbeat running at "2026-07-16T12:00:07.1990630+05:30"
2026-07-16 12:00:17.251 +05:30 [INF] Heartbeat running at "2026-07-16T12:00:17.2516874+05:30"
2026-07-16 12:00:27.294 +05:30 [INF] Heartbeat running at "2026-07-16T12:00:27.2938482+05:30"
2026-07-16 12:00:37.330 +05:30 [INF] Heartbeat running at "2026-07-16T12:00:37.3305743+05:30"
2026-07-16 12:00:47.366 +05:30 [INF] Heartbeat running at "2026-07-16T12:00:47.3663744+05:30"
2026-07-16 12:00:57.496 +05:30 [INF] Heartbeat running at "2026-07-16T12:00:57.4969734+05:30"
2026-07-16 12:01:07.542 +05:30 [INF] Heartbeat running at "2026-07-16T12:01:07.5423307+05:30"
2026-07-16 12:01:17.569 +05:30 [INF] Heartbeat running at "2026-07-16T12:01:17.5693986+05:30"
2026-07-16 12:01:27.641 +05:30 [INF] Heartbeat running at "2026-07-16T12:01:27.6410887+05:30"
2026-07-16 12:01:37.668 +05:30 [INF] Heartbeat running at "2026-07-16T12:01:37.6680403+05:30"
2026-07-16 12:01:47.680 +05:30 [INF] Heartbeat running at "2026-07-16T12:01:47.6801330+05:30"
2026-07-16 12:01:57.690 +05:30 [INF] Heartbeat running at "2026-07-16T12:01:57.6903054+05:30"
2026-07-16 12:02:07.698 +05:30 [INF] Heartbeat running at "2026-07-16T12:02:07.6981965+05:30"
2026-07-16 12:02:17.704 +05:30 [INF] Heartbeat running at "2026-07-16T12:02:17.7047994+05:30"
2026-07-16 12:02:27.720 +05:30 [INF] Heartbeat running at "2026-07-16T12:02:27.7203508+05:30"
2026-07-16 12:02:37.733 +05:30 [INF] Heartbeat running at "2026-07-16T12:02:37.7335209+05:30"
2026-07-16 12:02:47.743 +05:30 [INF] Heartbeat running at "2026-07-16T12:02:47.7438436+05:30"
2026-07-16 12:02:57.755 +05:30 [INF] Heartbeat running at "2026-07-16T12:02:57.7552086+05:30"
2026-07-16 12:03:07.761 +05:30 [INF] Heartbeat running at "2026-07-16T12:03:07.7610103+05:30"
2026-07-16 12:03:17.776 +05:30 [INF] Heartbeat running at "2026-07-16T12:03:17.7760525+05:30"
2026-07-16 12:03:27.781 +05:30 [INF] Heartbeat running at "2026-07-16T12:03:27.7811519+05:30"
2026-07-16 12:03:37.789 +05:30 [INF] Heartbeat running at "2026-07-16T12:03:37.7891806+05:30"
2026-07-16 12:03:47.798 +05:30 [INF] Heartbeat running at "2026-07-16T12:03:47.7988343+05:30"
2026-07-16 12:03:57.816 +05:30 [INF] Heartbeat running at "2026-07-16T12:03:57.8166564+05:30"
2026-07-16 12:04:07.833 +05:30 [INF] Heartbeat running at "2026-07-16T12:04:07.8335109+05:30"
2026-07-16 12:04:17.847 +05:30 [INF] Heartbeat running at "2026-07-16T12:04:17.8472435+05:30"
2026-07-16 12:04:27.860 +05:30 [INF] Heartbeat running at "2026-07-16T12:04:27.8602167+05:30"
2026-07-16 12:04:37.865 +05:30 [INF] Heartbeat running at "2026-07-16T12:04:37.8657988+05:30"
2026-07-16 12:04:47.884 +05:30 [INF] Heartbeat running at "2026-07-16T12:04:47.8845828+05:30"
2026-07-16 12:04:57.896 +05:30 [INF] Heartbeat running at "2026-07-16T12:04:57.8961829+05:30"
2026-07-16 12:05:07.912 +05:30 [INF] Heartbeat running at "2026-07-16T12:05:07.9121702+05:30"
2026-07-16 12:05:17.923 +05:30 [INF] Heartbeat running at "2026-07-16T12:05:17.9233454+05:30"
2026-07-16 12:05:27.936 +05:30 [INF] Heartbeat running at "2026-07-16T12:05:27.9363195+05:30"
2026-07-16 12:05:37.952 +05:30 [INF] Heartbeat running at "2026-07-16T12:05:37.9521836+05:30"
2026-07-16 12:05:47.995 +05:30 [INF] Heartbeat running at "2026-07-16T12:05:47.9954088+05:30"
2026-07-16 12:05:58.013 +05:30 [INF] Heartbeat running at "2026-07-16T12:05:58.0132498+05:30"
2026-07-16 12:06:08.022 +05:30 [INF] Heartbeat running at "2026-07-16T12:06:08.0221889+05:30"
2026-07-16 12:06:18.026 +05:30 [INF] Heartbeat running at "2026-07-16T12:06:18.0267937+05:30"
2026-07-16 12:06:28.043 +05:30 [INF] Heartbeat running at "2026-07-16T12:06:28.0431707+05:30"
2026-07-16 12:06:38.052 +05:30 [INF] Heartbeat running at "2026-07-16T12:06:38.0522049+05:30"
2026-07-16 12:06:48.073 +05:30 [INF] Heartbeat running at "2026-07-16T12:06:48.0732112+05:30"
2026-07-16 12:06:58.077 +05:30 [INF] Heartbeat running at "2026-07-16T12:06:58.0779652+05:30"
2026-07-16 12:07:08.092 +05:30 [INF] Heartbeat running at "2026-07-16T12:07:08.0924749+05:30"
2026-07-16 12:07:18.110 +05:30 [INF] Heartbeat running at "2026-07-16T12:07:18.1108601+05:30"
2026-07-16 12:07:28.129 +05:30 [INF] Heartbeat running at "2026-07-16T12:07:28.1290719+05:30"
2026-07-16 12:07:38.145 +05:30 [INF] Heartbeat running at "2026-07-16T12:07:38.1455451+05:30"
2026-07-16 12:07:48.154 +05:30 [INF] Heartbeat running at "2026-07-16T12:07:48.1548638+05:30"
2026-07-16 12:07:58.169 +05:30 [INF] Heartbeat running at "2026-07-16T12:07:58.1695872+05:30"
2026-07-16 12:08:08.176 +05:30 [INF] Heartbeat running at "2026-07-16T12:08:08.1767499+05:30"
2026-07-16 12:08:18.194 +05:30 [INF] Heartbeat running at "2026-07-16T12:08:18.1944586+05:30"
2026-07-16 12:08:28.202 +05:30 [INF] Heartbeat running at "2026-07-16T12:08:28.2019919+05:30"
2026-07-16 12:08:38.214 +05:30 [INF] Heartbeat running at "2026-07-16T12:08:38.2146551+05:30"
2026-07-16 12:08:48.218 +05:30 [INF] Heartbeat running at "2026-07-16T12:08:48.2180706+05:30"
2026-07-16 12:08:58.222 +05:30 [INF] Heartbeat running at "2026-07-16T12:08:58.2223985+05:30"
2026-07-16 12:09:08.238 +05:30 [INF] Heartbeat running at "2026-07-16T12:09:08.2382297+05:30"
2026-07-16 12:09:18.246 +05:30 [INF] Heartbeat running at "2026-07-16T12:09:18.2466621+05:30"
2026-07-16 12:09:28.250 +05:30 [INF] Heartbeat running at "2026-07-16T12:09:28.2504835+05:30"
2026-07-16 12:09:38.266 +05:30 [INF] Heartbeat running at "2026-07-16T12:09:38.2667587+05:30"
2026-07-16 12:09:48.279 +05:30 [INF] Heartbeat running at "2026-07-16T12:09:48.2794831+05:30"
2026-07-16 12:09:58.296 +05:30 [INF] Heartbeat running at "2026-07-16T12:09:58.2967908+05:30"
2026-07-16 12:10:08.312 +05:30 [INF] Heartbeat running at "2026-07-16T12:10:08.3121473+05:30"
2026-07-16 12:10:18.319 +05:30 [INF] Heartbeat running at "2026-07-16T12:10:18.3199111+05:30"
2026-07-16 12:10:28.330 +05:30 [INF] Heartbeat running at "2026-07-16T12:10:28.3308763+05:30"
2026-07-16 12:10:38.342 +05:30 [INF] Heartbeat running at "2026-07-16T12:10:38.3424067+05:30"
2026-07-16 12:10:48.358 +05:30 [INF] Heartbeat running at "2026-07-16T12:10:48.3585559+05:30"
2026-07-16 12:10:58.374 +05:30 [INF] Heartbeat running at "2026-07-16T12:10:58.3741602+05:30"
2026-07-16 12:11:08.379 +05:30 [INF] Heartbeat running at "2026-07-16T12:11:08.3790533+05:30"
2026-07-16 12:11:18.388 +05:30 [INF] Heartbeat running at "2026-07-16T12:11:18.3888621+05:30"
2026-07-16 12:11:28.412 +05:30 [INF] Heartbeat running at "2026-07-16T12:11:28.4120357+05:30"
2026-07-16 12:11:38.426 +05:30 [INF] Heartbeat running at "2026-07-16T12:11:38.4266099+05:30"
2026-07-16 12:11:48.439 +05:30 [INF] Heartbeat running at "2026-07-16T12:11:48.4399540+05:30"
2026-07-16 12:11:58.456 +05:30 [INF] Heartbeat running at "2026-07-16T12:11:58.4569672+05:30"
2026-07-16 12:12:08.465 +05:30 [INF] Heartbeat running at "2026-07-16T12:12:08.4650071+05:30"
2026-07-16 12:12:18.481 +05:30 [INF] Heartbeat running at "2026-07-16T12:12:18.4818344+05:30"
2026-07-16 12:12:28.494 +05:30 [INF] Heartbeat running at "2026-07-16T12:12:28.4944255+05:30"
2026-07-16 12:12:38.507 +05:30 [INF] Heartbeat running at "2026-07-16T12:12:38.5076791+05:30"
2026-07-16 12:12:48.514 +05:30 [INF] Heartbeat running at "2026-07-16T12:12:48.5141059+05:30"
2026-07-16 12:12:58.527 +05:30 [INF] Heartbeat running at "2026-07-16T12:12:58.5276893+05:30"
2026-07-16 12:13:08.545 +05:30 [INF] Heartbeat running at "2026-07-16T12:13:08.5455807+05:30"
2026-07-16 12:13:18.554 +05:30 [INF] Heartbeat running at "2026-07-16T12:13:18.5543279+05:30"
2026-07-16 12:13:28.569 +05:30 [INF] Heartbeat running at "2026-07-16T12:13:28.5693233+05:30"
2026-07-16 12:13:38.584 +05:30 [INF] Heartbeat running at "2026-07-16T12:13:38.5848878+05:30"
2026-07-16 12:13:48.599 +05:30 [INF] Heartbeat running at "2026-07-16T12:13:48.5999579+05:30"
2026-07-16 12:13:58.604 +05:30 [INF] Heartbeat running at "2026-07-16T12:13:58.6043587+05:30"
2026-07-16 12:14:08.614 +05:30 [INF] Heartbeat running at "2026-07-16T12:14:08.6141691+05:30"
2026-07-16 12:14:18.623 +05:30 [INF] Heartbeat running at "2026-07-16T12:14:18.6236020+05:30"
2026-07-16 12:14:28.634 +05:30 [INF] Heartbeat running at "2026-07-16T12:14:28.6343042+05:30"
2026-07-16 12:14:38.649 +05:30 [INF] Heartbeat running at "2026-07-16T12:14:38.6498054+05:30"
2026-07-16 12:14:48.660 +05:30 [INF] Heartbeat running at "2026-07-16T12:14:48.6604764+05:30"
2026-07-16 12:14:58.677 +05:30 [INF] Heartbeat running at "2026-07-16T12:14:58.6770912+05:30"
2026-07-16 12:15:08.682 +05:30 [INF] Heartbeat running at "2026-07-16T12:15:08.6829727+05:30"
2026-07-16 12:15:18.689 +05:30 [INF] Heartbeat running at "2026-07-16T12:15:18.6897384+05:30"
2026-07-16 12:15:28.694 +05:30 [INF] Heartbeat running at "2026-07-16T12:15:28.6941008+05:30"
2026-07-16 12:15:38.710 +05:30 [INF] Heartbeat running at "2026-07-16T12:15:38.7109641+05:30"
2026-07-16 12:15:48.716 +05:30 [INF] Heartbeat running at "2026-07-16T12:15:48.7169329+05:30"
2026-07-16 12:15:58.729 +05:30 [INF] Heartbeat running at "2026-07-16T12:15:58.7290218+05:30"
2026-07-16 12:16:08.744 +05:30 [INF] Heartbeat running at "2026-07-16T12:16:08.7442514+05:30"
2026-07-16 12:16:18.749 +05:30 [INF] Heartbeat running at "2026-07-16T12:16:18.7499254+05:30"
2026-07-16 12:16:28.767 +05:30 [INF] Heartbeat running at "2026-07-16T12:16:28.7673365+05:30"
2026-07-16 12:16:38.777 +05:30 [INF] Heartbeat running at "2026-07-16T12:16:38.7775688+05:30"
2026-07-16 12:16:48.784 +05:30 [INF] Heartbeat running at "2026-07-16T12:16:48.7843121+05:30"
2026-07-16 12:16:58.796 +05:30 [INF] Heartbeat running at "2026-07-16T12:16:58.7960088+05:30"
2026-07-16 12:17:08.814 +05:30 [INF] Heartbeat running at "2026-07-16T12:17:08.8140827+05:30"
2026-07-16 12:17:18.823 +05:30 [INF] Heartbeat running at "2026-07-16T12:17:18.8239762+05:30"
2026-07-16 12:17:28.835 +05:30 [INF] Heartbeat running at "2026-07-16T12:17:28.8353793+05:30"
2026-07-16 12:17:38.843 +05:30 [INF] Heartbeat running at "2026-07-16T12:17:38.8431134+05:30"
2026-07-16 12:17:48.851 +05:30 [INF] Heartbeat running at "2026-07-16T12:17:48.8512314+05:30"
2026-07-16 12:17:58.853 +05:30 [INF] Heartbeat running at "2026-07-16T12:17:58.8539393+05:30"
2026-07-16 12:18:08.862 +05:30 [INF] Heartbeat running at "2026-07-16T12:18:08.8627307+05:30"
2026-07-16 12:18:18.874 +05:30 [INF] Heartbeat running at "2026-07-16T12:18:18.8744387+05:30"
2026-07-16 12:18:28.880 +05:30 [INF] Heartbeat running at "2026-07-16T12:18:28.8803505+05:30"
2026-07-16 12:18:38.885 +05:30 [INF] Heartbeat running at "2026-07-16T12:18:38.8854141+05:30"
2026-07-16 12:18:48.888 +05:30 [INF] Heartbeat running at "2026-07-16T12:18:48.8886431+05:30"
2026-07-16 12:18:58.898 +05:30 [INF] Heartbeat running at "2026-07-16T12:18:58.8986506+05:30"
2026-07-16 12:19:08.916 +05:30 [INF] Heartbeat running at "2026-07-16T12:19:08.9162896+05:30"
2026-07-16 12:19:18.922 +05:30 [INF] Heartbeat running at "2026-07-16T12:19:18.9222890+05:30"
2026-07-16 12:19:28.934 +05:30 [INF] Heartbeat running at "2026-07-16T12:19:28.9340587+05:30"
2026-07-16 12:19:38.940 +05:30 [INF] Heartbeat running at "2026-07-16T12:19:38.9405596+05:30"
2026-07-16 12:19:48.945 +05:30 [INF] Heartbeat running at "2026-07-16T12:19:48.9451094+05:30"
2026-07-16 12:19:58.950 +05:30 [INF] Heartbeat running at "2026-07-16T12:19:58.9506789+05:30"
2026-07-16 12:20:08.955 +05:30 [INF] Heartbeat running at "2026-07-16T12:20:08.9554606+05:30"
2026-07-16 12:20:18.974 +05:30 [INF] Heartbeat running at "2026-07-16T12:20:18.9742516+05:30"
2026-07-16 12:20:28.983 +05:30 [INF] Heartbeat running at "2026-07-16T12:20:28.9835241+05:30"
2026-07-16 12:20:39.002 +05:30 [INF] Heartbeat running at "2026-07-16T12:20:39.0025395+05:30"
2026-07-16 12:20:49.006 +05:30 [INF] Heartbeat running at "2026-07-16T12:20:49.0068369+05:30"
2026-07-16 12:20:59.024 +05:30 [INF] Heartbeat running at "2026-07-16T12:20:59.0244720+05:30"
2026-07-16 12:21:09.037 +05:30 [INF] Heartbeat running at "2026-07-16T12:21:09.0379115+05:30"
2026-07-16 12:21:19.042 +05:30 [INF] Heartbeat running at "2026-07-16T12:21:19.0420253+05:30"
2026-07-16 12:21:29.054 +05:30 [INF] Heartbeat running at "2026-07-16T12:21:29.0549550+05:30"
2026-07-16 12:21:39.070 +05:30 [INF] Heartbeat running at "2026-07-16T12:21:39.0700452+05:30"
2026-07-16 12:21:49.077 +05:30 [INF] Heartbeat running at "2026-07-16T12:21:49.0774003+05:30"
2026-07-16 12:21:59.095 +05:30 [INF] Heartbeat running at "2026-07-16T12:21:59.0953842+05:30"
2026-07-16 12:22:09.103 +05:30 [INF] Heartbeat running at "2026-07-16T12:22:09.1039391+05:30"
2026-07-16 12:22:19.113 +05:30 [INF] Heartbeat running at "2026-07-16T12:22:19.1135743+05:30"
2026-07-16 12:22:29.126 +05:30 [INF] Heartbeat running at "2026-07-16T12:22:29.1263592+05:30"
2026-07-16 12:22:39.140 +05:30 [INF] Heartbeat running at "2026-07-16T12:22:39.1403832+05:30"
2026-07-16 12:22:49.156 +05:30 [INF] Heartbeat running at "2026-07-16T12:22:49.1565340+05:30"
2026-07-16 12:22:59.175 +05:30 [INF] Heartbeat running at "2026-07-16T12:22:59.1751662+05:30"
2026-07-16 12:23:09.186 +05:30 [INF] Heartbeat running at "2026-07-16T12:23:09.1865696+05:30"
2026-07-16 12:23:19.201 +05:30 [INF] Heartbeat running at "2026-07-16T12:23:19.2010460+05:30"
2026-07-16 12:23:29.213 +05:30 [INF] Heartbeat running at "2026-07-16T12:23:29.2136946+05:30"
2026-07-16 12:23:39.219 +05:30 [INF] Heartbeat running at "2026-07-16T12:23:39.2198179+05:30"
2026-07-16 12:23:49.226 +05:30 [INF] Heartbeat running at "2026-07-16T12:23:49.2260023+05:30"
2026-07-16 12:23:59.235 +05:30 [INF] Heartbeat running at "2026-07-16T12:23:59.2353347+05:30"
2026-07-16 12:24:09.245 +05:30 [INF] Heartbeat running at "2026-07-16T12:24:09.2459524+05:30"
2026-07-16 12:24:19.258 +05:30 [INF] Heartbeat running at "2026-07-16T12:24:19.2587611+05:30"
2026-07-16 12:24:29.277 +05:30 [INF] Heartbeat running at "2026-07-16T12:24:29.2769920+05:30"
2026-07-16 12:24:39.289 +05:30 [INF] Heartbeat running at "2026-07-16T12:24:39.2899536+05:30"
2026-07-16 12:24:49.305 +05:30 [INF] Heartbeat running at "2026-07-16T12:24:49.3051818+05:30"
2026-07-16 12:24:59.316 +05:30 [INF] Heartbeat running at "2026-07-16T12:24:59.3160652+05:30"
2026-07-16 12:25:09.331 +05:30 [INF] Heartbeat running at "2026-07-16T12:25:09.3312400+05:30"
2026-07-16 12:25:19.335 +05:30 [INF] Heartbeat running at "2026-07-16T12:25:19.3355629+05:30"
2026-07-16 12:25:29.345 +05:30 [INF] Heartbeat running at "2026-07-16T12:25:29.3459227+05:30"
2026-07-16 12:25:39.359 +05:30 [INF] Heartbeat running at "2026-07-16T12:25:39.3597843+05:30"
2026-07-16 12:25:49.375 +05:30 [INF] Heartbeat running at "2026-07-16T12:25:49.3755041+05:30"
2026-07-16 12:25:59.389 +05:30 [INF] Heartbeat running at "2026-07-16T12:25:59.3891922+05:30"
2026-07-16 12:26:09.399 +05:30 [INF] Heartbeat running at "2026-07-16T12:26:09.3999737+05:30"
2026-07-16 12:26:19.418 +05:30 [INF] Heartbeat running at "2026-07-16T12:26:19.4183976+05:30"
2026-07-16 12:26:29.421 +05:30 [INF] Heartbeat running at "2026-07-16T12:26:29.4217519+05:30"
2026-07-16 12:26:39.439 +05:30 [INF] Heartbeat running at "2026-07-16T12:26:39.4392160+05:30"
2026-07-16 12:26:49.447 +05:30 [INF] Heartbeat running at "2026-07-16T12:26:49.4478540+05:30"
2026-07-16 12:26:59.452 +05:30 [INF] Heartbeat running at "2026-07-16T12:26:59.4529227+05:30"
2026-07-16 12:27:09.459 +05:30 [INF] Heartbeat running at "2026-07-16T12:27:09.4594857+05:30"
2026-07-16 12:27:19.470 +05:30 [INF] Heartbeat running at "2026-07-16T12:27:19.4704239+05:30"
2026-07-16 12:27:29.485 +05:30 [INF] Heartbeat running at "2026-07-16T12:27:29.4857006+05:30"
2026-07-16 12:27:39.490 +05:30 [INF] Heartbeat running at "2026-07-16T12:27:39.4904063+05:30"
2026-07-16 12:27:49.507 +05:30 [INF] Heartbeat running at "2026-07-16T12:27:49.5074611+05:30"
2026-07-16 12:27:59.523 +05:30 [INF] Heartbeat running at "2026-07-16T12:27:59.5235764+05:30"
2026-07-16 12:28:09.543 +05:30 [INF] Heartbeat running at "2026-07-16T12:28:09.5438402+05:30"
2026-07-16 12:28:19.556 +05:30 [INF] Heartbeat running at "2026-07-16T12:28:19.5567630+05:30"
2026-07-16 12:28:29.572 +05:30 [INF] Heartbeat running at "2026-07-16T12:28:29.5721896+05:30"
2026-07-16 12:28:39.581 +05:30 [INF] Heartbeat running at "2026-07-16T12:28:39.5818531+05:30"
2026-07-16 12:28:49.588 +05:30 [INF] Heartbeat running at "2026-07-16T12:28:49.5881518+05:30"
2026-07-16 12:28:59.598 +05:30 [INF] Heartbeat running at "2026-07-16T12:28:59.5979387+05:30"
2026-07-16 12:29:09.602 +05:30 [INF] Heartbeat running at "2026-07-16T12:29:09.6023314+05:30"
2026-07-16 12:29:19.621 +05:30 [INF] Heartbeat running at "2026-07-16T12:29:19.6211579+05:30"
2026-07-16 12:29:29.640 +05:30 [INF] Heartbeat running at "2026-07-16T12:29:29.6405611+05:30"
2026-07-16 12:29:39.653 +05:30 [INF] Heartbeat running at "2026-07-16T12:29:39.6535802+05:30"
2026-07-16 12:29:49.661 +05:30 [INF] Heartbeat running at "2026-07-16T12:29:49.6615738+05:30"
2026-07-16 12:29:59.680 +05:30 [INF] Heartbeat running at "2026-07-16T12:29:59.6806838+05:30"
2026-07-16 12:30:09.691 +05:30 [INF] Heartbeat running at "2026-07-16T12:30:09.6911248+05:30"
2026-07-16 12:30:19.706 +05:30 [INF] Heartbeat running at "2026-07-16T12:30:19.7060995+05:30"
2026-07-16 12:30:29.715 +05:30 [INF] Heartbeat running at "2026-07-16T12:30:29.7150102+05:30"
2026-07-16 12:30:39.726 +05:30 [INF] Heartbeat running at "2026-07-16T12:30:39.7269699+05:30"
2026-07-16 12:30:49.733 +05:30 [INF] Heartbeat running at "2026-07-16T12:30:49.7333218+05:30"
2026-07-16 12:30:59.742 +05:30 [INF] Heartbeat running at "2026-07-16T12:30:59.7421016+05:30"
2026-07-16 12:31:09.751 +05:30 [INF] Heartbeat running at "2026-07-16T12:31:09.7512576+05:30"
2026-07-16 12:31:19.756 +05:30 [INF] Heartbeat running at "2026-07-16T12:31:19.7565683+05:30"
2026-07-16 12:31:29.770 +05:30 [INF] Heartbeat running at "2026-07-16T12:31:29.7700114+05:30"
2026-07-16 12:31:39.790 +05:30 [INF] Heartbeat running at "2026-07-16T12:31:39.7905319+05:30"
2026-07-16 12:31:49.802 +05:30 [INF] Heartbeat running at "2026-07-16T12:31:49.8029378+05:30"
2026-07-16 12:31:59.823 +05:30 [INF] Heartbeat running at "2026-07-16T12:31:59.8234889+05:30"
2026-07-16 12:32:09.836 +05:30 [INF] Heartbeat running at "2026-07-16T12:32:09.8368445+05:30"
2026-07-16 12:32:19.850 +05:30 [INF] Heartbeat running at "2026-07-16T12:32:19.8503959+05:30"
2026-07-16 12:32:29.865 +05:30 [INF] Heartbeat running at "2026-07-16T12:32:29.8650802+05:30"
2026-07-16 12:32:39.874 +05:30 [INF] Heartbeat running at "2026-07-16T12:32:39.8743361+05:30"
2026-07-16 12:32:49.883 +05:30 [INF] Heartbeat running at "2026-07-16T12:32:49.8835680+05:30"
2026-07-16 12:32:59.895 +05:30 [INF] Heartbeat running at "2026-07-16T12:32:59.8956718+05:30"
2026-07-16 12:33:09.905 +05:30 [INF] Heartbeat running at "2026-07-16T12:33:09.9057719+05:30"
2026-07-16 12:33:19.919 +05:30 [INF] Heartbeat running at "2026-07-16T12:33:19.9197890+05:30"
2026-07-16 12:33:29.932 +05:30 [INF] Heartbeat running at "2026-07-16T12:33:29.9328497+05:30"
2026-07-16 12:33:39.950 +05:30 [INF] Heartbeat running at "2026-07-16T12:33:39.9503640+05:30"
2026-07-16 12:33:49.967 +05:30 [INF] Heartbeat running at "2026-07-16T12:33:49.9678886+05:30"
2026-07-16 12:33:59.973 +05:30 [INF] Heartbeat running at "2026-07-16T12:33:59.9737256+05:30"
2026-07-16 12:34:09.981 +05:30 [INF] Heartbeat running at "2026-07-16T12:34:09.9814380+05:30"
2026-07-16 12:34:19.998 +05:30 [INF] Heartbeat running at "2026-07-16T12:34:19.9985340+05:30"
2026-07-16 12:34:30.020 +05:30 [INF] Heartbeat running at "2026-07-16T12:34:30.0199904+05:30"
2026-07-16 12:34:40.033 +05:30 [INF] Heartbeat running at "2026-07-16T12:34:40.0331156+05:30"
2026-07-16 12:34:50.045 +05:30 [INF] Heartbeat running at "2026-07-16T12:34:50.0451655+05:30"
2026-07-16 12:35:00.062 +05:30 [INF] Heartbeat running at "2026-07-16T12:35:00.0624894+05:30"
2026-07-16 12:35:10.081 +05:30 [INF] Heartbeat running at "2026-07-16T12:35:10.0812254+05:30"
2026-07-16 12:35:20.092 +05:30 [INF] Heartbeat running at "2026-07-16T12:35:20.0927322+05:30"
2026-07-16 12:35:30.108 +05:30 [INF] Heartbeat running at "2026-07-16T12:35:30.1087600+05:30"
2026-07-16 12:35:40.122 +05:30 [INF] Heartbeat running at "2026-07-16T12:35:40.1228407+05:30"
2026-07-16 12:35:50.126 +05:30 [INF] Heartbeat running at "2026-07-16T12:35:50.1269188+05:30"
2026-07-16 12:36:00.144 +05:30 [INF] Heartbeat running at "2026-07-16T12:36:00.1443681+05:30"
2026-07-16 12:36:10.160 +05:30 [INF] Heartbeat running at "2026-07-16T12:36:10.1602853+05:30"
2026-07-16 12:36:20.171 +05:30 [INF] Heartbeat running at "2026-07-16T12:36:20.1711818+05:30"
2026-07-16 12:36:30.186 +05:30 [INF] Heartbeat running at "2026-07-16T12:36:30.1862088+05:30"
2026-07-16 12:36:40.195 +05:30 [INF] Heartbeat running at "2026-07-16T12:36:40.1954367+05:30"
2026-07-16 12:36:50.205 +05:30 [INF] Heartbeat running at "2026-07-16T12:36:50.2057153+05:30"
2026-07-16 12:37:00.214 +05:30 [INF] Heartbeat running at "2026-07-16T12:37:00.2142413+05:30"
2026-07-16 12:37:10.226 +05:30 [INF] Heartbeat running at "2026-07-16T12:37:10.2267713+05:30"
2026-07-16 12:37:20.230 +05:30 [INF] Heartbeat running at "2026-07-16T12:37:20.2305895+05:30"
2026-07-16 12:37:30.236 +05:30 [INF] Heartbeat running at "2026-07-16T12:37:30.2362934+05:30"
2026-07-16 12:37:40.243 +05:30 [INF] Heartbeat running at "2026-07-16T12:37:40.2434436+05:30"
2026-07-16 12:37:50.259 +05:30 [INF] Heartbeat running at "2026-07-16T12:37:50.2592877+05:30"
2026-07-16 12:38:00.265 +05:30 [INF] Heartbeat running at "2026-07-16T12:38:00.2650365+05:30"
2026-07-16 12:38:10.284 +05:30 [INF] Heartbeat running at "2026-07-16T12:38:10.2846777+05:30"
2026-07-16 12:38:20.298 +05:30 [INF] Heartbeat running at "2026-07-16T12:38:20.2983332+05:30"
2026-07-16 12:38:30.309 +05:30 [INF] Heartbeat running at "2026-07-16T12:38:30.3096074+05:30"
2026-07-16 12:38:40.323 +05:30 [INF] Heartbeat running at "2026-07-16T12:38:40.3233015+05:30"
2026-07-16 12:38:50.329 +05:30 [INF] Heartbeat running at "2026-07-16T12:38:50.3299770+05:30"
2026-07-16 12:39:00.334 +05:30 [INF] Heartbeat running at "2026-07-16T12:39:00.3343333+05:30"
2026-07-16 12:39:10.347 +05:30 [INF] Heartbeat running at "2026-07-16T12:39:10.3474569+05:30"
2026-07-16 12:39:20.364 +05:30 [INF] Heartbeat running at "2026-07-16T12:39:20.3646266+05:30"
2026-07-16 12:39:30.390 +05:30 [INF] Heartbeat running at "2026-07-16T12:39:30.3902736+05:30"
2026-07-16 12:39:40.392 +05:30 [INF] Heartbeat running at "2026-07-16T12:39:40.3928943+05:30"
2026-07-16 12:39:50.402 +05:30 [INF] Heartbeat running at "2026-07-16T12:39:50.4024097+05:30"
2026-07-16 12:40:00.413 +05:30 [INF] Heartbeat running at "2026-07-16T12:40:00.4132366+05:30"
2026-07-16 12:40:10.425 +05:30 [INF] Heartbeat running at "2026-07-16T12:40:10.4251914+05:30"
2026-07-16 12:40:20.438 +05:30 [INF] Heartbeat running at "2026-07-16T12:40:20.4380819+05:30"
2026-07-16 12:40:30.448 +05:30 [INF] Heartbeat running at "2026-07-16T12:40:30.4484638+05:30"
2026-07-16 12:40:40.462 +05:30 [INF] Heartbeat running at "2026-07-16T12:40:40.4626207+05:30"
2026-07-16 12:40:50.472 +05:30 [INF] Heartbeat running at "2026-07-16T12:40:50.4720761+05:30"
2026-07-16 12:41:00.479 +05:30 [INF] Heartbeat running at "2026-07-16T12:41:00.4797509+05:30"
2026-07-16 12:41:10.487 +05:30 [INF] Heartbeat running at "2026-07-16T12:41:10.4874219+05:30"
2026-07-16 12:41:20.493 +05:30 [INF] Heartbeat running at "2026-07-16T12:41:20.4938388+05:30"
2026-07-16 12:41:30.499 +05:30 [INF] Heartbeat running at "2026-07-16T12:41:30.4992072+05:30"
2026-07-16 12:41:40.504 +05:30 [INF] Heartbeat running at "2026-07-16T12:41:40.5040839+05:30"
2026-07-16 12:41:50.521 +05:30 [INF] Heartbeat running at "2026-07-16T12:41:50.5214966+05:30"
2026-07-16 12:42:00.526 +05:30 [INF] Heartbeat running at "2026-07-16T12:42:00.5260576+05:30"
2026-07-16 12:42:10.530 +05:30 [INF] Heartbeat running at "2026-07-16T12:42:10.5302857+05:30"
2026-07-16 12:42:20.545 +05:30 [INF] Heartbeat running at "2026-07-16T12:42:20.5456138+05:30"
2026-07-16 12:42:30.563 +05:30 [INF] Heartbeat running at "2026-07-16T12:42:30.5636585+05:30"
2026-07-16 12:42:40.567 +05:30 [INF] Heartbeat running at "2026-07-16T12:42:40.5676877+05:30"
2026-07-16 12:42:50.572 +05:30 [INF] Heartbeat running at "2026-07-16T12:42:50.5729063+05:30"
2026-07-16 12:43:00.586 +05:30 [INF] Heartbeat running at "2026-07-16T12:43:00.5867151+05:30"
2026-07-16 12:43:10.600 +05:30 [INF] Heartbeat running at "2026-07-16T12:43:10.6002172+05:30"
2026-07-16 12:43:20.611 +05:30 [INF] Heartbeat running at "2026-07-16T12:43:20.6113978+05:30"
2026-07-16 12:43:30.623 +05:30 [INF] Heartbeat running at "2026-07-16T12:43:30.6230117+05:30"
2026-07-16 12:43:40.629 +05:30 [INF] Heartbeat running at "2026-07-16T12:43:40.6293397+05:30"
2026-07-16 12:43:50.640 +05:30 [INF] Heartbeat running at "2026-07-16T12:43:50.6402817+05:30"
2026-07-16 12:44:00.645 +05:30 [INF] Heartbeat running at "2026-07-16T12:44:00.6454827+05:30"
2026-07-16 12:44:10.662 +05:30 [INF] Heartbeat running at "2026-07-16T12:44:10.6628501+05:30"
2026-07-16 12:44:20.674 +05:30 [INF] Heartbeat running at "2026-07-16T12:44:20.6743706+05:30"
2026-07-16 12:44:30.691 +05:30 [INF] Heartbeat running at "2026-07-16T12:44:30.6912356+05:30"
2026-07-16 12:44:40.697 +05:30 [INF] Heartbeat running at "2026-07-16T12:44:40.6977544+05:30"
2026-07-16 12:44:50.712 +05:30 [INF] Heartbeat running at "2026-07-16T12:44:50.7120014+05:30"
2026-07-16 12:45:00.715 +05:30 [INF] Heartbeat running at "2026-07-16T12:45:00.7159254+05:30"
2026-07-16 12:45:10.722 +05:30 [INF] Heartbeat running at "2026-07-16T12:45:10.7220025+05:30"
2026-07-16 12:45:20.731 +05:30 [INF] Heartbeat running at "2026-07-16T12:45:20.7315427+05:30"
2026-07-16 12:45:30.739 +05:30 [INF] Heartbeat running at "2026-07-16T12:45:30.7392615+05:30"
2026-07-16 12:45:40.748 +05:30 [INF] Heartbeat running at "2026-07-16T12:45:40.7485421+05:30"
2026-07-16 12:45:50.755 +05:30 [INF] Heartbeat running at "2026-07-16T12:45:50.7556149+05:30"
2026-07-16 12:46:00.770 +05:30 [INF] Heartbeat running at "2026-07-16T12:46:00.7705914+05:30"
2026-07-16 12:46:10.774 +05:30 [INF] Heartbeat running at "2026-07-16T12:46:10.7743414+05:30"
2026-07-16 12:46:20.784 +05:30 [INF] Heartbeat running at "2026-07-16T12:46:20.7841973+05:30"
2026-07-16 12:46:30.801 +05:30 [INF] Heartbeat running at "2026-07-16T12:46:30.8017627+05:30"
2026-07-16 12:46:40.818 +05:30 [INF] Heartbeat running at "2026-07-16T12:46:40.8181339+05:30"
2026-07-16 12:46:50.827 +05:30 [INF] Heartbeat running at "2026-07-16T12:46:50.8277001+05:30"
2026-07-16 12:47:00.835 +05:30 [INF] Heartbeat running at "2026-07-16T12:47:00.8359816+05:30"
2026-07-16 12:47:10.848 +05:30 [INF] Heartbeat running at "2026-07-16T12:47:10.8481924+05:30"
2026-07-16 12:47:20.853 +05:30 [INF] Heartbeat running at "2026-07-16T12:47:20.8535487+05:30"
2026-07-16 12:47:30.858 +05:30 [INF] Heartbeat running at "2026-07-16T12:47:30.8589620+05:30"
2026-07-16 12:47:40.869 +05:30 [INF] Heartbeat running at "2026-07-16T12:47:40.8694695+05:30"
2026-07-16 12:47:50.881 +05:30 [INF] Heartbeat running at "2026-07-16T12:47:50.8813877+05:30"
2026-07-16 12:48:00.884 +05:30 [INF] Heartbeat running at "2026-07-16T12:48:00.8846106+05:30"
2026-07-16 12:48:10.893 +05:30 [INF] Heartbeat running at "2026-07-16T12:48:10.8936772+05:30"
2026-07-16 12:48:20.909 +05:30 [INF] Heartbeat running at "2026-07-16T12:48:20.9095302+05:30"
2026-07-16 12:48:30.925 +05:30 [INF] Heartbeat running at "2026-07-16T12:48:30.9251919+05:30"
2026-07-16 12:48:40.945 +05:30 [INF] Heartbeat running at "2026-07-16T12:48:40.9451285+05:30"
2026-07-16 12:48:50.962 +05:30 [INF] Heartbeat running at "2026-07-16T12:48:50.9619876+05:30"
2026-07-16 12:49:00.967 +05:30 [INF] Heartbeat running at "2026-07-16T12:49:00.9672066+05:30"
2026-07-16 12:49:10.972 +05:30 [INF] Heartbeat running at "2026-07-16T12:49:10.9722782+05:30"
2026-07-16 12:49:20.987 +05:30 [INF] Heartbeat running at "2026-07-16T12:49:20.9872313+05:30"
2026-07-16 12:49:31.000 +05:30 [INF] Heartbeat running at "2026-07-16T12:49:31.0005560+05:30"
2026-07-16 12:49:41.016 +05:30 [INF] Heartbeat running at "2026-07-16T12:49:41.0169209+05:30"
2026-07-16 12:49:51.023 +05:30 [INF] Heartbeat running at "2026-07-16T12:49:51.0235447+05:30"
2026-07-16 12:50:01.029 +05:30 [INF] Heartbeat running at "2026-07-16T12:50:01.0295568+05:30"
2026-07-16 12:50:11.043 +05:30 [INF] Heartbeat running at "2026-07-16T12:50:11.0437051+05:30"
2026-07-16 12:50:21.057 +05:30 [INF] Heartbeat running at "2026-07-16T12:50:21.0571363+05:30"
2026-07-16 12:50:31.068 +05:30 [INF] Heartbeat running at "2026-07-16T12:50:31.0684994+05:30"
2026-07-16 12:50:41.079 +05:30 [INF] Heartbeat running at "2026-07-16T12:50:41.0796833+05:30"
2026-07-16 12:50:51.084 +05:30 [INF] Heartbeat running at "2026-07-16T12:50:51.0839891+05:30"
2026-07-16 12:51:01.094 +05:30 [INF] Heartbeat running at "2026-07-16T12:51:01.0943528+05:30"
2026-07-16 12:51:11.106 +05:30 [INF] Heartbeat running at "2026-07-16T12:51:11.1062617+05:30"
2026-07-16 12:51:21.123 +05:30 [INF] Heartbeat running at "2026-07-16T12:51:21.1231950+05:30"
2026-07-16 12:51:31.129 +05:30 [INF] Heartbeat running at "2026-07-16T12:51:31.1295095+05:30"
2026-07-16 12:51:41.139 +05:30 [INF] Heartbeat running at "2026-07-16T12:51:41.1398611+05:30"
2026-07-16 12:51:51.150 +05:30 [INF] Heartbeat running at "2026-07-16T12:51:51.1500941+05:30"
2026-07-16 12:52:01.174 +05:30 [INF] Heartbeat running at "2026-07-16T12:52:01.1746324+05:30"
2026-07-16 12:52:11.194 +05:30 [INF] Heartbeat running at "2026-07-16T12:52:11.1941012+05:30"
2026-07-16 12:52:21.204 +05:30 [INF] Heartbeat running at "2026-07-16T12:52:21.2043202+05:30"
2026-07-16 12:52:31.215 +05:30 [INF] Heartbeat running at "2026-07-16T12:52:31.2153110+05:30"
2026-07-16 12:52:41.230 +05:30 [INF] Heartbeat running at "2026-07-16T12:52:41.2309605+05:30"
2026-07-16 12:52:51.240 +05:30 [INF] Heartbeat running at "2026-07-16T12:52:51.2400829+05:30"
2026-07-16 12:53:01.254 +05:30 [INF] Heartbeat running at "2026-07-16T12:53:01.2548029+05:30"
2026-07-16 12:53:11.263 +05:30 [INF] Heartbeat running at "2026-07-16T12:53:11.2639271+05:30"
2026-07-16 12:53:21.276 +05:30 [INF] Heartbeat running at "2026-07-16T12:53:21.2765099+05:30"
2026-07-16 12:53:31.293 +05:30 [INF] Heartbeat running at "2026-07-16T12:53:31.2930261+05:30"
2026-07-16 12:53:41.305 +05:30 [INF] Heartbeat running at "2026-07-16T12:53:41.3056909+05:30"
2026-07-16 12:53:51.315 +05:30 [INF] Heartbeat running at "2026-07-16T12:53:51.3157268+05:30"
2026-07-16 12:54:01.325 +05:30 [INF] Heartbeat running at "2026-07-16T12:54:01.3252649+05:30"
2026-07-16 12:54:11.332 +05:30 [INF] Heartbeat running at "2026-07-16T12:54:11.3329020+05:30"
2026-07-16 12:54:21.347 +05:30 [INF] Heartbeat running at "2026-07-16T12:54:21.3470625+05:30"
2026-07-16 12:54:31.364 +05:30 [INF] Heartbeat running at "2026-07-16T12:54:31.3643310+05:30"
2026-07-16 12:54:41.377 +05:30 [INF] Heartbeat running at "2026-07-16T12:54:41.3779246+05:30"
2026-07-16 12:54:51.392 +05:30 [INF] Heartbeat running at "2026-07-16T12:54:51.3923638+05:30"
2026-07-16 12:55:01.408 +05:30 [INF] Heartbeat running at "2026-07-16T12:55:01.4081600+05:30"
2026-07-16 12:55:11.420 +05:30 [INF] Heartbeat running at "2026-07-16T12:55:11.4206266+05:30"
2026-07-16 12:55:21.434 +05:30 [INF] Heartbeat running at "2026-07-16T12:55:21.4344767+05:30"
2026-07-16 12:55:31.448 +05:30 [INF] Heartbeat running at "2026-07-16T12:55:31.4487022+05:30"
2026-07-16 12:55:41.461 +05:30 [INF] Heartbeat running at "2026-07-16T12:55:41.4616809+05:30"
2026-07-16 12:55:51.477 +05:30 [INF] Heartbeat running at "2026-07-16T12:55:51.4778054+05:30"
2026-07-16 12:56:01.486 +05:30 [INF] Heartbeat running at "2026-07-16T12:56:01.4863495+05:30"
2026-07-16 12:56:11.504 +05:30 [INF] Heartbeat running at "2026-07-16T12:56:11.5042316+05:30"
2026-07-16 12:56:21.513 +05:30 [INF] Heartbeat running at "2026-07-16T12:56:21.5134693+05:30"
2026-07-16 12:56:31.520 +05:30 [INF] Heartbeat running at "2026-07-16T12:56:31.5207871+05:30"
2026-07-16 12:56:41.538 +05:30 [INF] Heartbeat running at "2026-07-16T12:56:41.5385654+05:30"
2026-07-16 12:56:51.545 +05:30 [INF] Heartbeat running at "2026-07-16T12:56:51.5450585+05:30"
2026-07-16 12:57:01.562 +05:30 [INF] Heartbeat running at "2026-07-16T12:57:01.5628955+05:30"
2026-07-16 12:57:11.577 +05:30 [INF] Heartbeat running at "2026-07-16T12:57:11.5770547+05:30"
2026-07-16 12:57:21.586 +05:30 [INF] Heartbeat running at "2026-07-16T12:57:21.5869197+05:30"
2026-07-16 12:57:31.602 +05:30 [INF] Heartbeat running at "2026-07-16T12:57:31.6025889+05:30"
2026-07-16 12:57:41.620 +05:30 [INF] Heartbeat running at "2026-07-16T12:57:41.6209252+05:30"
2026-07-16 12:57:51.625 +05:30 [INF] Heartbeat running at "2026-07-16T12:57:51.6253278+05:30"
2026-07-16 12:58:01.649 +05:30 [INF] Heartbeat running at "2026-07-16T12:58:01.6490672+05:30"
2026-07-16 12:58:11.653 +05:30 [INF] Heartbeat running at "2026-07-16T12:58:11.6533597+05:30"
2026-07-16 12:58:21.658 +05:30 [INF] Heartbeat running at "2026-07-16T12:58:21.6581485+05:30"
2026-07-16 12:58:31.672 +05:30 [INF] Heartbeat running at "2026-07-16T12:58:31.6721478+05:30"
2026-07-16 12:58:41.675 +05:30 [INF] Heartbeat running at "2026-07-16T12:58:41.6756606+05:30"
2026-07-16 12:58:51.687 +05:30 [INF] Heartbeat running at "2026-07-16T12:58:51.6877783+05:30"
2026-07-16 12:59:01.698 +05:30 [INF] Heartbeat running at "2026-07-16T12:59:01.6989342+05:30"
2026-07-16 12:59:11.712 +05:30 [INF] Heartbeat running at "2026-07-16T12:59:11.7128075+05:30"
2026-07-16 12:59:21.722 +05:30 [INF] Heartbeat running at "2026-07-16T12:59:21.7229594+05:30"
2026-07-16 12:59:31.735 +05:30 [INF] Heartbeat running at "2026-07-16T12:59:31.7356073+05:30"
2026-07-16 12:59:41.745 +05:30 [INF] Heartbeat running at "2026-07-16T12:59:41.7451795+05:30"
2026-07-16 12:59:51.751 +05:30 [INF] Heartbeat running at "2026-07-16T12:59:51.7509817+05:30"
2026-07-16 13:00:01.768 +05:30 [INF] Heartbeat running at "2026-07-16T13:00:01.7680142+05:30"
2026-07-16 13:00:11.777 +05:30 [INF] Heartbeat running at "2026-07-16T13:00:11.7776006+05:30"
2026-07-16 13:00:21.791 +05:30 [INF] Heartbeat running at "2026-07-16T13:00:21.7912481+05:30"
2026-07-16 13:00:31.797 +05:30 [INF] Heartbeat running at "2026-07-16T13:00:31.7972287+05:30"
2026-07-16 13:00:41.800 +05:30 [INF] Heartbeat running at "2026-07-16T13:00:41.8008949+05:30"
2026-07-16 13:00:51.816 +05:30 [INF] Heartbeat running at "2026-07-16T13:00:51.8167430+05:30"
2026-07-16 13:01:01.825 +05:30 [INF] Heartbeat running at "2026-07-16T13:01:01.8256615+05:30"
2026-07-16 13:01:11.842 +05:30 [INF] Heartbeat running at "2026-07-16T13:01:11.8428867+05:30"
2026-07-16 13:01:21.860 +05:30 [INF] Heartbeat running at "2026-07-16T13:01:21.8607521+05:30"
2026-07-16 13:01:31.872 +05:30 [INF] Heartbeat running at "2026-07-16T13:01:31.8728537+05:30"
2026-07-16 13:01:41.882 +05:30 [INF] Heartbeat running at "2026-07-16T13:01:41.8829093+05:30"
2026-07-16 13:01:51.897 +05:30 [INF] Heartbeat running at "2026-07-16T13:01:51.8978368+05:30"
2026-07-16 13:02:01.906 +05:30 [INF] Heartbeat running at "2026-07-16T13:02:01.9062962+05:30"
2026-07-16 13:02:11.921 +05:30 [INF] Heartbeat running at "2026-07-16T13:02:11.9210699+05:30"
2026-07-16 13:02:21.931 +05:30 [INF] Heartbeat running at "2026-07-16T13:02:21.9314791+05:30"
2026-07-16 13:02:31.944 +05:30 [INF] Heartbeat running at "2026-07-16T13:02:31.9446825+05:30"
2026-07-16 13:02:41.952 +05:30 [INF] Heartbeat running at "2026-07-16T13:02:41.9524357+05:30"
2026-07-16 13:02:51.963 +05:30 [INF] Heartbeat running at "2026-07-16T13:02:51.9637704+05:30"
2026-07-16 13:03:01.980 +05:30 [INF] Heartbeat running at "2026-07-16T13:03:01.9801735+05:30"
2026-07-16 13:03:11.999 +05:30 [INF] Heartbeat running at "2026-07-16T13:03:11.9997853+05:30"
2026-07-16 13:03:22.010 +05:30 [INF] Heartbeat running at "2026-07-16T13:03:22.0100758+05:30"
2026-07-16 13:03:32.014 +05:30 [INF] Heartbeat running at "2026-07-16T13:03:32.0149673+05:30"
2026-07-16 13:03:42.032 +05:30 [INF] Heartbeat running at "2026-07-16T13:03:42.0329312+05:30"
2026-07-16 13:03:52.036 +05:30 [INF] Heartbeat running at "2026-07-16T13:03:52.0368924+05:30"
2026-07-16 13:04:02.044 +05:30 [INF] Heartbeat running at "2026-07-16T13:04:02.0447553+05:30"
2026-07-16 13:04:12.057 +05:30 [INF] Heartbeat running at "2026-07-16T13:04:12.0572840+05:30"
2026-07-16 13:04:22.060 +05:30 [INF] Heartbeat running at "2026-07-16T13:04:22.0609255+05:30"
2026-07-16 13:04:32.079 +05:30 [INF] Heartbeat running at "2026-07-16T13:04:32.0791701+05:30"
2026-07-16 13:04:42.085 +05:30 [INF] Heartbeat running at "2026-07-16T13:04:42.0855336+05:30"
2026-07-16 13:04:52.092 +05:30 [INF] Heartbeat running at "2026-07-16T13:04:52.0926213+05:30"
2026-07-16 13:05:02.101 +05:30 [INF] Heartbeat running at "2026-07-16T13:05:02.1013384+05:30"
2026-07-16 13:05:12.116 +05:30 [INF] Heartbeat running at "2026-07-16T13:05:12.1160654+05:30"
2026-07-16 13:05:22.128 +05:30 [INF] Heartbeat running at "2026-07-16T13:05:22.1281932+05:30"
2026-07-16 13:05:32.134 +05:30 [INF] Heartbeat running at "2026-07-16T13:05:32.1340201+05:30"
2026-07-16 13:05:42.139 +05:30 [INF] Heartbeat running at "2026-07-16T13:05:42.1395888+05:30"
2026-07-16 13:05:52.146 +05:30 [INF] Heartbeat running at "2026-07-16T13:05:52.1460883+05:30"
2026-07-16 13:06:02.161 +05:30 [INF] Heartbeat running at "2026-07-16T13:06:02.1613807+05:30"
2026-07-16 13:06:12.177 +05:30 [INF] Heartbeat running at "2026-07-16T13:06:12.1769863+05:30"
2026-07-16 13:06:22.195 +05:30 [INF] Heartbeat running at "2026-07-16T13:06:22.1950454+05:30"
2026-07-16 13:06:32.199 +05:30 [INF] Heartbeat running at "2026-07-16T13:06:32.1996475+05:30"
2026-07-16 13:06:42.217 +05:30 [INF] Heartbeat running at "2026-07-16T13:06:42.2172384+05:30"
2026-07-16 13:06:52.226 +05:30 [INF] Heartbeat running at "2026-07-16T13:06:52.2261989+05:30"
2026-07-16 13:07:02.234 +05:30 [INF] Heartbeat running at "2026-07-16T13:07:02.2343137+05:30"
2026-07-16 13:07:12.244 +05:30 [INF] Heartbeat running at "2026-07-16T13:07:12.2445768+05:30"
2026-07-16 13:07:22.258 +05:30 [INF] Heartbeat running at "2026-07-16T13:07:22.2583549+05:30"
2026-07-16 13:07:32.269 +05:30 [INF] Heartbeat running at "2026-07-16T13:07:32.2694749+05:30"
2026-07-16 13:07:42.276 +05:30 [INF] Heartbeat running at "2026-07-16T13:07:42.2760648+05:30"
2026-07-16 13:07:52.284 +05:30 [INF] Heartbeat running at "2026-07-16T13:07:52.2845963+05:30"
2026-07-16 13:08:02.292 +05:30 [INF] Heartbeat running at "2026-07-16T13:08:02.2925066+05:30"
2026-07-16 13:08:12.307 +05:30 [INF] Heartbeat running at "2026-07-16T13:08:12.3077002+05:30"
2026-07-16 13:08:22.310 +05:30 [INF] Heartbeat running at "2026-07-16T13:08:22.3109150+05:30"
2026-07-16 13:08:32.328 +05:30 [INF] Heartbeat running at "2026-07-16T13:08:32.3286385+05:30"
2026-07-16 13:08:42.344 +05:30 [INF] Heartbeat running at "2026-07-16T13:08:42.3440221+05:30"
2026-07-16 13:08:52.361 +05:30 [INF] Heartbeat running at "2026-07-16T13:08:52.3617180+05:30"
2026-07-16 13:09:02.380 +05:30 [INF] Heartbeat running at "2026-07-16T13:09:02.3804153+05:30"
2026-07-16 13:09:12.393 +05:30 [INF] Heartbeat running at "2026-07-16T13:09:12.3938118+05:30"
2026-07-16 13:09:22.400 +05:30 [INF] Heartbeat running at "2026-07-16T13:09:22.4006097+05:30"
2026-07-16 13:09:32.405 +05:30 [INF] Heartbeat running at "2026-07-16T13:09:32.4056040+05:30"
2026-07-16 13:09:42.425 +05:30 [INF] Heartbeat running at "2026-07-16T13:09:42.4252869+05:30"
2026-07-16 13:09:52.445 +05:30 [INF] Heartbeat running at "2026-07-16T13:09:52.4454204+05:30"
2026-07-16 13:10:02.447 +05:30 [INF] Heartbeat running at "2026-07-16T13:10:02.4477699+05:30"
2026-07-16 13:10:12.454 +05:30 [INF] Heartbeat running at "2026-07-16T13:10:12.4545621+05:30"
2026-07-16 13:10:22.463 +05:30 [INF] Heartbeat running at "2026-07-16T13:10:22.4635639+05:30"
2026-07-16 13:10:32.469 +05:30 [INF] Heartbeat running at "2026-07-16T13:10:32.4698759+05:30"
2026-07-16 13:10:42.475 +05:30 [INF] Heartbeat running at "2026-07-16T13:10:42.4751851+05:30"
2026-07-16 13:10:52.489 +05:30 [INF] Heartbeat running at "2026-07-16T13:10:52.4895140+05:30"
2026-07-16 13:11:02.499 +05:30 [INF] Heartbeat running at "2026-07-16T13:11:02.4989812+05:30"
2026-07-16 13:11:12.511 +05:30 [INF] Heartbeat running at "2026-07-16T13:11:12.5110086+05:30"
2026-07-16 13:11:22.515 +05:30 [INF] Heartbeat running at "2026-07-16T13:11:22.5150821+05:30"
2026-07-16 13:11:32.530 +05:30 [INF] Heartbeat running at "2026-07-16T13:11:32.5302347+05:30"
2026-07-16 13:11:42.539 +05:30 [INF] Heartbeat running at "2026-07-16T13:11:42.5391905+05:30"
2026-07-16 13:11:52.545 +05:30 [INF] Heartbeat running at "2026-07-16T13:11:52.5459010+05:30"
2026-07-16 13:12:02.552 +05:30 [INF] Heartbeat running at "2026-07-16T13:12:02.5526637+05:30"
2026-07-16 13:12:12.565 +05:30 [INF] Heartbeat running at "2026-07-16T13:12:12.5658085+05:30"
2026-07-16 13:12:22.583 +05:30 [INF] Heartbeat running at "2026-07-16T13:12:22.5829942+05:30"
2026-07-16 13:12:32.586 +05:30 [INF] Heartbeat running at "2026-07-16T13:12:32.5862563+05:30"
2026-07-16 13:12:42.600 +05:30 [INF] Heartbeat running at "2026-07-16T13:12:42.6006637+05:30"
2026-07-16 13:12:52.605 +05:30 [INF] Heartbeat running at "2026-07-16T13:12:52.6051621+05:30"
2026-07-16 13:13:02.613 +05:30 [INF] Heartbeat running at "2026-07-16T13:13:02.6134709+05:30"
2026-07-16 13:13:12.625 +05:30 [INF] Heartbeat running at "2026-07-16T13:13:12.6251094+05:30"
2026-07-16 13:13:22.627 +05:30 [INF] Heartbeat running at "2026-07-16T13:13:22.6271821+05:30"
2026-07-16 13:13:32.628 +05:30 [INF] Heartbeat running at "2026-07-16T13:13:32.6284339+05:30"
2026-07-16 13:13:42.647 +05:30 [INF] Heartbeat running at "2026-07-16T13:13:42.6476099+05:30"
2026-07-16 13:13:52.658 +05:30 [INF] Heartbeat running at "2026-07-16T13:13:52.6586154+05:30"
2026-07-16 13:14:02.673 +05:30 [INF] Heartbeat running at "2026-07-16T13:14:02.6739617+05:30"
2026-07-16 13:14:12.685 +05:30 [INF] Heartbeat running at "2026-07-16T13:14:12.6850896+05:30"
2026-07-16 13:14:22.698 +05:30 [INF] Heartbeat running at "2026-07-16T13:14:22.6988084+05:30"
2026-07-16 13:14:32.716 +05:30 [INF] Heartbeat running at "2026-07-16T13:14:32.7162903+05:30"
2026-07-16 13:14:42.724 +05:30 [INF] Heartbeat running at "2026-07-16T13:14:42.7243290+05:30"
2026-07-16 13:14:52.742 +05:30 [INF] Heartbeat running at "2026-07-16T13:14:52.7422128+05:30"
2026-07-16 13:15:02.753 +05:30 [INF] Heartbeat running at "2026-07-16T13:15:02.7539053+05:30"
2026-07-16 13:15:13.926 +05:30 [INF] Heartbeat running at "2026-07-16T13:15:13.9263570+05:30"
2026-07-16 13:15:23.938 +05:30 [INF] Heartbeat running at "2026-07-16T13:15:23.9387907+05:30"
2026-07-16 13:15:33.952 +05:30 [INF] Heartbeat running at "2026-07-16T13:15:33.9521135+05:30"
2026-07-16 13:15:45.651 +05:30 [INF] Heartbeat running at "2026-07-16T13:15:45.6516635+05:30"
2026-07-16 13:15:55.664 +05:30 [INF] Heartbeat running at "2026-07-16T13:15:55.6641915+05:30"
2026-07-16 13:16:05.681 +05:30 [INF] Heartbeat running at "2026-07-16T13:16:05.6810399+05:30"
2026-07-16 13:16:15.699 +05:30 [INF] Heartbeat running at "2026-07-16T13:16:15.6995672+05:30"
2026-07-16 13:16:25.710 +05:30 [INF] Heartbeat running at "2026-07-16T13:16:25.7107721+05:30"
2026-07-16 13:16:35.723 +05:30 [INF] Heartbeat running at "2026-07-16T13:16:35.7238565+05:30"
2026-07-16 13:16:45.731 +05:30 [INF] Heartbeat running at "2026-07-16T13:16:45.7313195+05:30"
2026-07-16 13:16:56.784 +05:30 [INF] Heartbeat running at "2026-07-16T13:16:56.7845356+05:30"
2026-07-16 13:17:06.797 +05:30 [INF] Heartbeat running at "2026-07-16T13:17:06.7973691+05:30"
2026-07-16 13:17:16.806 +05:30 [INF] Heartbeat running at "2026-07-16T13:17:16.8064498+05:30"
2026-07-16 13:17:26.818 +05:30 [INF] Heartbeat running at "2026-07-16T13:17:26.8187467+05:30"
2026-07-16 13:17:36.826 +05:30 [INF] Heartbeat running at "2026-07-16T13:17:36.8266516+05:30"
2026-07-16 13:17:46.839 +05:30 [INF] Heartbeat running at "2026-07-16T13:17:46.8396872+05:30"
2026-07-16 13:17:56.849 +05:30 [INF] Heartbeat running at "2026-07-16T13:17:56.8492716+05:30"
2026-07-16 14:12:14.182 +05:30 [INF] Heartbeat running at "2026-07-16T14:12:14.1820746+05:30"
2026-07-16 14:12:25.346 +05:30 [INF] Heartbeat running at "2026-07-16T14:12:25.3463769+05:30"
2026-07-16 14:12:35.357 +05:30 [INF] Heartbeat running at "2026-07-16T14:12:35.3570462+05:30"
2026-07-16 14:12:45.374 +05:30 [INF] Heartbeat running at "2026-07-16T14:12:45.3739746+05:30"
2026-07-16 14:12:55.386 +05:30 [INF] Heartbeat running at "2026-07-16T14:12:55.3861267+05:30"
2026-07-16 14:13:05.390 +05:30 [INF] Heartbeat running at "2026-07-16T14:13:05.3905039+05:30"
2026-07-16 14:13:15.399 +05:30 [INF] Heartbeat running at "2026-07-16T14:13:15.3994951+05:30"
2026-07-16 14:13:25.413 +05:30 [INF] Heartbeat running at "2026-07-16T14:13:25.4131096+05:30"
2026-07-16 14:13:35.419 +05:30 [INF] Heartbeat running at "2026-07-16T14:13:35.4198095+05:30"
2026-07-16 14:13:45.430 +05:30 [INF] Heartbeat running at "2026-07-16T14:13:45.4303526+05:30"
2026-07-16 14:13:55.438 +05:30 [INF] Heartbeat running at "2026-07-16T14:13:55.4380588+05:30"
2026-07-16 14:14:05.445 +05:30 [INF] Heartbeat running at "2026-07-16T14:14:05.4455624+05:30"
2026-07-16 14:14:15.456 +05:30 [INF] Heartbeat running at "2026-07-16T14:14:15.4564931+05:30"
2026-07-16 14:14:25.470 +05:30 [INF] Heartbeat running at "2026-07-16T14:14:25.4700513+05:30"
2026-07-16 14:14:35.484 +05:30 [INF] Heartbeat running at "2026-07-16T14:14:35.4847952+05:30"
2026-07-16 14:14:45.490 +05:30 [INF] Heartbeat running at "2026-07-16T14:14:45.4909477+05:30"
2026-07-16 14:14:55.496 +05:30 [INF] Heartbeat running at "2026-07-16T14:14:55.4961397+05:30"
2026-07-16 14:15:05.505 +05:30 [INF] Heartbeat running at "2026-07-16T14:15:05.5056892+05:30"
2026-07-16 14:15:15.512 +05:30 [INF] Heartbeat running at "2026-07-16T14:15:15.5127995+05:30"
2026-07-16 14:15:25.529 +05:30 [INF] Heartbeat running at "2026-07-16T14:15:25.5295753+05:30"
2026-07-16 14:15:35.541 +05:30 [INF] Heartbeat running at "2026-07-16T14:15:35.5409966+05:30"
2026-07-16 14:15:45.553 +05:30 [INF] Heartbeat running at "2026-07-16T14:15:45.5531542+05:30"
2026-07-16 14:15:55.565 +05:30 [INF] Heartbeat running at "2026-07-16T14:15:55.5649853+05:30"
2026-07-16 14:16:05.575 +05:30 [INF] Heartbeat running at "2026-07-16T14:16:05.5754672+05:30"
2026-07-16 14:16:15.587 +05:30 [INF] Heartbeat running at "2026-07-16T14:16:15.5878539+05:30"
2026-07-16 14:16:25.600 +05:30 [INF] Heartbeat running at "2026-07-16T14:16:25.6007940+05:30"
2026-07-16 14:16:35.605 +05:30 [INF] Heartbeat running at "2026-07-16T14:16:35.6053688+05:30"
2026-07-16 14:16:45.614 +05:30 [INF] Heartbeat running at "2026-07-16T14:16:45.6142670+05:30"
2026-07-16 14:16:55.623 +05:30 [INF] Heartbeat running at "2026-07-16T14:16:55.6233630+05:30"
2026-07-16 14:17:05.629 +05:30 [INF] Heartbeat running at "2026-07-16T14:17:05.6292427+05:30"
2026-07-16 14:17:15.642 +05:30 [INF] Heartbeat running at "2026-07-16T14:17:15.6424102+05:30"
2026-07-16 14:17:25.646 +05:30 [INF] Heartbeat running at "2026-07-16T14:17:25.6468764+05:30"
2026-07-16 14:17:35.651 +05:30 [INF] Heartbeat running at "2026-07-16T14:17:35.6517267+05:30"
2026-07-16 14:17:45.665 +05:30 [INF] Heartbeat running at "2026-07-16T14:17:45.6650775+05:30"
2026-07-16 14:17:55.680 +05:30 [INF] Heartbeat running at "2026-07-16T14:17:55.6808164+05:30"
2026-07-16 14:18:05.685 +05:30 [INF] Heartbeat running at "2026-07-16T14:18:05.6852705+05:30"
2026-07-16 14:18:15.685 +05:30 [INF] Heartbeat running at "2026-07-16T14:18:15.6853295+05:30"
2026-07-16 14:18:25.870 +05:30 [INF] Heartbeat running at "2026-07-16T14:18:25.8705381+05:30"
2026-07-16 14:18:35.998 +05:30 [INF] Heartbeat running at "2026-07-16T14:18:35.9986002+05:30"
2026-07-16 14:18:46.006 +05:30 [INF] Heartbeat running at "2026-07-16T14:18:46.0063618+05:30"
2026-07-16 14:18:56.010 +05:30 [INF] Heartbeat running at "2026-07-16T14:18:56.0107462+05:30"
2026-07-16 14:19:06.017 +05:30 [INF] Heartbeat running at "2026-07-16T14:19:06.0171598+05:30"
2026-07-16 14:19:16.032 +05:30 [INF] Heartbeat running at "2026-07-16T14:19:16.0329216+05:30"
2026-07-16 14:19:26.033 +05:30 [INF] Heartbeat running at "2026-07-16T14:19:26.0336443+05:30"
2026-07-16 14:19:36.047 +05:30 [INF] Heartbeat running at "2026-07-16T14:19:36.0472322+05:30"
2026-07-16 14:19:46.056 +05:30 [INF] Heartbeat running at "2026-07-16T14:19:46.0563048+05:30"
2026-07-16 14:19:56.071 +05:30 [INF] Heartbeat running at "2026-07-16T14:19:56.0710625+05:30"
2026-07-16 14:20:06.082 +05:30 [INF] Heartbeat running at "2026-07-16T14:20:06.0820221+05:30"
2026-07-16 14:20:16.093 +05:30 [INF] Heartbeat running at "2026-07-16T14:20:16.0936554+05:30"
2026-07-16 14:20:26.103 +05:30 [INF] Heartbeat running at "2026-07-16T14:20:26.1030294+05:30"
2026-07-16 14:20:36.117 +05:30 [INF] Heartbeat running at "2026-07-16T14:20:36.1178954+05:30"
2026-07-16 14:20:46.126 +05:30 [INF] Heartbeat running at "2026-07-16T14:20:46.1266428+05:30"
2026-07-16 14:20:56.141 +05:30 [INF] Heartbeat running at "2026-07-16T14:20:56.1411843+05:30"
2026-07-16 14:21:06.148 +05:30 [INF] Heartbeat running at "2026-07-16T14:21:06.1487792+05:30"
2026-07-16 14:21:16.165 +05:30 [INF] Heartbeat running at "2026-07-16T14:21:16.1651325+05:30"
2026-07-16 14:21:26.180 +05:30 [INF] Heartbeat running at "2026-07-16T14:21:26.1801827+05:30"
2026-07-16 14:21:36.190 +05:30 [INF] Heartbeat running at "2026-07-16T14:21:36.1901855+05:30"
2026-07-16 14:21:46.206 +05:30 [INF] Heartbeat running at "2026-07-16T14:21:46.2060406+05:30"
2026-07-16 14:21:56.212 +05:30 [INF] Heartbeat running at "2026-07-16T14:21:56.2127550+05:30"
2026-07-16 14:22:06.223 +05:30 [INF] Heartbeat running at "2026-07-16T14:22:06.2236760+05:30"
2026-07-16 14:22:16.228 +05:30 [INF] Heartbeat running at "2026-07-16T14:22:16.2283092+05:30"
2026-07-16 14:22:26.238 +05:30 [INF] Heartbeat running at "2026-07-16T14:22:26.2388447+05:30"
2026-07-16 14:22:36.246 +05:30 [INF] Heartbeat running at "2026-07-16T14:22:36.2466323+05:30"
2026-07-16 14:22:46.253 +05:30 [INF] Heartbeat running at "2026-07-16T14:22:46.2533969+05:30"
2026-07-16 14:22:56.258 +05:30 [INF] Heartbeat running at "2026-07-16T14:22:56.2580302+05:30"
2026-07-16 14:23:06.271 +05:30 [INF] Heartbeat running at "2026-07-16T14:23:06.2710895+05:30"
2026-07-16 14:23:16.270 +05:30 [INF] Heartbeat running at "2026-07-16T14:23:16.2705423+05:30"
2026-07-16 14:23:26.284 +05:30 [INF] Heartbeat running at "2026-07-16T14:23:26.2844395+05:30"
2026-07-16 14:23:36.296 +05:30 [INF] Heartbeat running at "2026-07-16T14:23:36.2962695+05:30"
2026-07-16 14:23:46.302 +05:30 [INF] Heartbeat running at "2026-07-16T14:23:46.3021919+05:30"
2026-07-16 14:23:56.315 +05:30 [INF] Heartbeat running at "2026-07-16T14:23:56.3158144+05:30"
2026-07-16 14:24:06.328 +05:30 [INF] Heartbeat running at "2026-07-16T14:24:06.3286935+05:30"
2026-07-16 14:24:16.339 +05:30 [INF] Heartbeat running at "2026-07-16T14:24:16.3398231+05:30"
2026-07-16 14:24:26.352 +05:30 [INF] Heartbeat running at "2026-07-16T14:24:26.3528325+05:30"
2026-07-16 14:24:36.356 +05:30 [INF] Heartbeat running at "2026-07-16T14:24:36.3564023+05:30"
2026-07-16 14:24:46.367 +05:30 [INF] Heartbeat running at "2026-07-16T14:24:46.3677625+05:30"
2026-07-16 14:24:56.373 +05:30 [INF] Heartbeat running at "2026-07-16T14:24:56.3737042+05:30"
2026-07-16 14:25:06.394 +05:30 [INF] Heartbeat running at "2026-07-16T14:25:06.3946045+05:30"
2026-07-16 14:25:16.411 +05:30 [INF] Heartbeat running at "2026-07-16T14:25:16.4110936+05:30"
2026-07-16 14:25:26.427 +05:30 [INF] Heartbeat running at "2026-07-16T14:25:26.4273010+05:30"
2026-07-16 14:25:36.428 +05:30 [INF] Heartbeat running at "2026-07-16T14:25:36.4286675+05:30"
2026-07-16 14:25:46.441 +05:30 [INF] Heartbeat running at "2026-07-16T14:25:46.4411294+05:30"
2026-07-16 14:25:56.456 +05:30 [INF] Heartbeat running at "2026-07-16T14:25:56.4567874+05:30"
2026-07-16 14:26:06.473 +05:30 [INF] Heartbeat running at "2026-07-16T14:26:06.4730457+05:30"
2026-07-16 14:26:16.487 +05:30 [INF] Heartbeat running at "2026-07-16T14:26:16.4878769+05:30"
2026-07-16 14:26:26.502 +05:30 [INF] Heartbeat running at "2026-07-16T14:26:26.5025506+05:30"
2026-07-16 14:26:36.520 +05:30 [INF] Heartbeat running at "2026-07-16T14:26:36.5207982+05:30"
2026-07-16 14:26:46.526 +05:30 [INF] Heartbeat running at "2026-07-16T14:26:46.5266219+05:30"
2026-07-16 14:26:56.533 +05:30 [INF] Heartbeat running at "2026-07-16T14:26:56.5333593+05:30"
2026-07-16 14:27:06.547 +05:30 [INF] Heartbeat running at "2026-07-16T14:27:06.5473641+05:30"
2026-07-16 14:27:16.550 +05:30 [INF] Heartbeat running at "2026-07-16T14:27:16.5501190+05:30"
2026-07-16 14:27:26.558 +05:30 [INF] Heartbeat running at "2026-07-16T14:27:26.5584209+05:30"
2026-07-16 14:27:36.571 +05:30 [INF] Heartbeat running at "2026-07-16T14:27:36.5713329+05:30"
2026-07-16 14:27:46.572 +05:30 [INF] Heartbeat running at "2026-07-16T14:27:46.5728749+05:30"
2026-07-16 14:27:56.575 +05:30 [INF] Heartbeat running at "2026-07-16T14:27:56.5752150+05:30"
2026-07-16 14:28:06.577 +05:30 [INF] Heartbeat running at "2026-07-16T14:28:06.5773076+05:30"
2026-07-16 14:28:16.585 +05:30 [INF] Heartbeat running at "2026-07-16T14:28:16.5856322+05:30"
2026-07-16 14:28:26.598 +05:30 [INF] Heartbeat running at "2026-07-16T14:28:26.5982036+05:30"
2026-07-16 14:28:36.612 +05:30 [INF] Heartbeat running at "2026-07-16T14:28:36.6127149+05:30"
2026-07-16 14:28:46.617 +05:30 [INF] Heartbeat running at "2026-07-16T14:28:46.6173547+05:30"
2026-07-16 14:28:56.631 +05:30 [INF] Heartbeat running at "2026-07-16T14:28:56.6309873+05:30"
2026-07-16 14:29:06.648 +05:30 [INF] Heartbeat running at "2026-07-16T14:29:06.6488713+05:30"
2026-07-16 14:29:16.656 +05:30 [INF] Heartbeat running at "2026-07-16T14:29:16.6569677+05:30"
2026-07-16 14:29:26.670 +05:30 [INF] Heartbeat running at "2026-07-16T14:29:26.6703463+05:30"
2026-07-16 14:29:36.682 +05:30 [INF] Heartbeat running at "2026-07-16T14:29:36.6823159+05:30"
2026-07-16 14:29:46.688 +05:30 [INF] Heartbeat running at "2026-07-16T14:29:46.6885301+05:30"
2026-07-16 14:29:56.694 +05:30 [INF] Heartbeat running at "2026-07-16T14:29:56.6944761+05:30"
2026-07-16 14:30:06.713 +05:30 [INF] Heartbeat running at "2026-07-16T14:30:06.7137214+05:30"
2026-07-16 14:30:16.718 +05:30 [INF] Heartbeat running at "2026-07-16T14:30:16.7182536+05:30"
2026-07-16 14:30:26.718 +05:30 [INF] Heartbeat running at "2026-07-16T14:30:26.7182772+05:30"
2026-07-16 14:30:36.723 +05:30 [INF] Heartbeat running at "2026-07-16T14:30:36.7229923+05:30"
2026-07-16 14:30:46.738 +05:30 [INF] Heartbeat running at "2026-07-16T14:30:46.7383417+05:30"
2026-07-16 14:30:56.740 +05:30 [INF] Heartbeat running at "2026-07-16T14:30:56.7402299+05:30"
2026-07-16 14:31:06.747 +05:30 [INF] Heartbeat running at "2026-07-16T14:31:06.7472143+05:30"
2026-07-16 14:31:16.760 +05:30 [INF] Heartbeat running at "2026-07-16T14:31:16.7607155+05:30"
2026-07-16 14:31:26.776 +05:30 [INF] Heartbeat running at "2026-07-16T14:31:26.7761363+05:30"
2026-07-16 14:31:36.789 +05:30 [INF] Heartbeat running at "2026-07-16T14:31:36.7898089+05:30"
2026-07-16 14:31:46.795 +05:30 [INF] Heartbeat running at "2026-07-16T14:31:46.7958196+05:30"
2026-07-16 14:31:56.807 +05:30 [INF] Heartbeat running at "2026-07-16T14:31:56.8074891+05:30"
2026-07-16 14:32:06.822 +05:30 [INF] Heartbeat running at "2026-07-16T14:32:06.8223804+05:30"
2026-07-16 14:32:16.837 +05:30 [INF] Heartbeat running at "2026-07-16T14:32:16.8377687+05:30"
2026-07-16 14:32:26.851 +05:30 [INF] Heartbeat running at "2026-07-16T14:32:26.8510187+05:30"
2026-07-16 14:32:36.864 +05:30 [INF] Heartbeat running at "2026-07-16T14:32:36.8644806+05:30"
2026-07-16 14:32:46.868 +05:30 [INF] Heartbeat running at "2026-07-16T14:32:46.8688407+05:30"
2026-07-16 14:32:56.871 +05:30 [INF] Heartbeat running at "2026-07-16T14:32:56.8715906+05:30"
2026-07-16 14:33:06.886 +05:30 [INF] Heartbeat running at "2026-07-16T14:33:06.8866853+05:30"
2026-07-16 14:33:16.894 +05:30 [INF] Heartbeat running at "2026-07-16T14:33:16.8948354+05:30"
2026-07-16 14:33:26.899 +05:30 [INF] Heartbeat running at "2026-07-16T14:33:26.8992614+05:30"
2026-07-16 14:33:36.918 +05:30 [INF] Heartbeat running at "2026-07-16T14:33:36.9181718+05:30"
2026-07-16 14:33:46.926 +05:30 [INF] Heartbeat running at "2026-07-16T14:33:46.9260926+05:30"
2026-07-16 14:33:56.932 +05:30 [INF] Heartbeat running at "2026-07-16T14:33:56.9322412+05:30"
2026-07-16 14:34:06.948 +05:30 [INF] Heartbeat running at "2026-07-16T14:34:06.9485953+05:30"
2026-07-16 14:34:16.952 +05:30 [INF] Heartbeat running at "2026-07-16T14:34:16.9525941+05:30"
2026-07-16 14:34:26.962 +05:30 [INF] Heartbeat running at "2026-07-16T14:34:26.9623526+05:30"
2026-07-16 14:34:36.968 +05:30 [INF] Heartbeat running at "2026-07-16T14:34:36.9684332+05:30"
2026-07-16 14:34:46.979 +05:30 [INF] Heartbeat running at "2026-07-16T14:34:46.9798662+05:30"
2026-07-16 14:34:56.997 +05:30 [INF] Heartbeat running at "2026-07-16T14:34:56.9979258+05:30"
2026-07-16 14:35:07.008 +05:30 [INF] Heartbeat running at "2026-07-16T14:35:07.0085357+05:30"
2026-07-16 14:35:17.024 +05:30 [INF] Heartbeat running at "2026-07-16T14:35:17.0247885+05:30"
2026-07-16 14:35:27.041 +05:30 [INF] Heartbeat running at "2026-07-16T14:35:27.0410503+05:30"
2026-07-16 14:35:37.049 +05:30 [INF] Heartbeat running at "2026-07-16T14:35:37.0492873+05:30"
2026-07-16 14:35:47.062 +05:30 [INF] Heartbeat running at "2026-07-16T14:35:47.0627644+05:30"
2026-07-16 14:35:57.065 +05:30 [INF] Heartbeat running at "2026-07-16T14:35:57.0653955+05:30"
2026-07-16 14:36:07.073 +05:30 [INF] Heartbeat running at "2026-07-16T14:36:07.0738894+05:30"
2026-07-16 14:36:17.089 +05:30 [INF] Heartbeat running at "2026-07-16T14:36:17.0898291+05:30"
2026-07-16 14:36:27.103 +05:30 [INF] Heartbeat running at "2026-07-16T14:36:27.1036912+05:30"
2026-07-16 14:36:37.117 +05:30 [INF] Heartbeat running at "2026-07-16T14:36:37.1171336+05:30"
2026-07-16 14:36:47.119 +05:30 [INF] Heartbeat running at "2026-07-16T14:36:47.1197718+05:30"
2026-07-16 14:36:57.137 +05:30 [INF] Heartbeat running at "2026-07-16T14:36:57.1379719+05:30"
